unique_id,full_name,first_name,last_name,party,political_group,political_group_IW,gender,congress_page
Adolfopérezabellás,Adolfo  Pérez Abellás, Adolfo  ,Pérez Abellás,PSOE,GPS ,GP. Socialista,M,http://www.congreso.es/portal/page/portal/Congreso/Congreso/Diputados/BusqForm?_piref73_1333155_73_1333154_1333154.next_page=/wc/fichaDiputado?idDiputado=33&idLegislatura=14
Adrianalastrafernández,Adriana  Lastra Fernández, Adriana  ,Lastra Fernández,PSOE,GPS ,GP. Socialista,F,http://www.congreso.es/portal/page/portal/Congreso/Congreso/Diputados/BusqForm?_piref73_1333155_73_1333154_1333154.next_page=/wc/fichaDiputado?idDiputado=109&idLegislatura=14
Agustínalmodóbarbarceló,Agustín  Almodóbar Barceló, Agustín  ,Almodóbar Barceló,PP,GPP ,GP. Popular en el congreso,M,http://www.congreso.es/portal/page/portal/Congreso/Congreso/Diputados/BusqForm?_piref73_1333155_73_1333154_1333154.next_page=/wc/fichaDiputado?idDiputado=305&idLegislatura=14
Agustínrosetyfernándezdecastro,Agustín  Rosety Fernández De Castro, Agustín  ,Rosety Fernández de Castro,VOX,GPVOX ,GP. VOX,M,http://www.congreso.es/portal/page/portal/Congreso/Congreso/Diputados/BusqForm?_piref73_1333155_73_1333154_1333154.next_page=/wc/fichaDiputado?idDiputado=255&idLegislatura=14
Agustínzamarrónmoreno,Agustín  Zamarrón Moreno, Agustín  ,Zamarrón Moreno,PSOE,GPS ,GP. Socialista,M,http://www.congreso.es/portal/page/portal/Congreso/Congreso/Diputados/BusqForm?_piref73_1333155_73_1333154_1333154.next_page=/wc/fichaDiputado?idDiputado=19&idLegislatura=14
Alejandrosolermur,Alejandro  Soler Mur, Alejandro  ,Soler Mur,PSOE,GPS ,GP. Socialista,M,http://www.congreso.es/portal/page/portal/Congreso/Congreso/Diputados/BusqForm?_piref73_1333155_73_1333154_1333154.next_page=/wc/fichaDiputado?idDiputado=144&idLegislatura=14
Alfonsorodríguezgómezdecelis,Alfonso  Rodríguez Gómez De Celis, Alfonso  ,Rodríguez Gómez de Celis,ECP-GUAYEM EL CANVI/GCPU-EC-GC,GPS ,GP. Socialista,M,http://www.congreso.es/portal/page/portal/Congreso/Congreso/Diputados/BusqForm?_piref73_1333155_73_1333154_1333154.next_page=/wc/fichaDiputado?idDiputado=168&idLegislatura=14
Alfonsorodríguezgómezdecelis,Alfonso  Rodríguez Gómez De Celis, Alfonso  ,Rodríguez Gómez de Celis,ECP-GUAYEM EL CANVI/GCPU-EC-GC,GPS ,GP. Socialista,M,http://www.congreso.es/portal/page/portal/Congreso/Congreso/Diputados/BusqForm?_piref73_1333155_73_1333154_1333154.next_page=/wc/fichaDiputado?idDiputado=168&idLegislatura=14
Alfredosanchoguardia,Alfredo  Sancho Guardia, Alfredo  ,Sancho Guardia,PSOE,GPS ,GP. Socialista,M,http://www.congreso.es/portal/page/portal/Congreso/Congreso/Diputados/BusqForm?_piref73_1333155_73_1333154_1333154.next_page=/wc/fichaDiputado?idDiputado=312&idLegislatura=14
Aliciagarcíarodríguez,Alicia  García Rodríguez, Alicia  ,García Rodríguez,PP,GPP ,GP. Popular en el congreso,F,http://www.congreso.es/portal/page/portal/Congreso/Congreso/Diputados/BusqForm?_piref73_1333155_73_1333154_1333154.next_page=/wc/fichaDiputado?idDiputado=50&idLegislatura=14
Anabelénfernándezcasero,Ana Belén  Fernández Casero, Ana Belén  ,Fernández Casero,EAJ-PNV,GPS ,GP. Socialista,F,http://www.congreso.es/portal/page/portal/Congreso/Congreso/Diputados/BusqForm?_piref73_1333155_73_1333154_1333154.next_page=/wc/fichaDiputado?idDiputado=230&idLegislatura=14
Anabelénfernándezcasero,Ana Belén  Fernández Casero, Ana Belén  ,Fernández Casero,EAJ-PNV,GPS ,GP. Socialista,F,http://www.congreso.es/portal/page/portal/Congreso/Congreso/Diputados/BusqForm?_piref73_1333155_73_1333154_1333154.next_page=/wc/fichaDiputado?idDiputado=230&idLegislatura=14
Anamaríaoramasgonzález-Moro,Ana María  Oramas González-Moro, Ana María  ,Oramas González-Moro,Cca-NC/Mx,GPMX,GP. Mixto,F,http://www.congreso.es/portal/page/portal/Congreso/Congreso/Diputados/BusqForm?_piref73_1333155_73_1333154_1333154.next_page=/wc/fichaDiputado?idDiputado=161&idLegislatura=14
Anamaríapastorjulián,Ana María  Pastor Julián, Ana María  ,Pastor Julián,CUP-PR/Mx,GPP ,GP. Popular en el congreso,F,http://www.congreso.es/portal/page/portal/Congreso/Congreso/Diputados/BusqForm?_piref73_1333155_73_1333154_1333154.next_page=/wc/fichaDiputado?idDiputado=31&idLegislatura=14
Anamaríapastorjulián,Ana María  Pastor Julián, Ana María  ,Pastor Julián,CUP-PR/Mx,GPP ,GP. Popular en el congreso,F,http://www.congreso.es/portal/page/portal/Congreso/Congreso/Diputados/BusqForm?_piref73_1333155_73_1333154_1333154.next_page=/wc/fichaDiputado?idDiputado=31&idLegislatura=14
Anamaríapastorjulián,Ana María  Pastor Julián, Ana María  ,Pastor Julián,CUP-PR/Mx,GPP ,GP. Popular en el congreso,F,http://www.congreso.es/portal/page/portal/Congreso/Congreso/Diputados/BusqForm?_piref73_1333155_73_1333154_1333154.next_page=/wc/fichaDiputado?idDiputado=31&idLegislatura=14
Anamaríazuritaexpósito,Ana María  Zurita Expósito, Ana María  ,Zurita Expósito,PP,GPP ,GP. Popular en el congreso,F,http://www.congreso.es/portal/page/portal/Congreso/Congreso/Diputados/BusqForm?_piref73_1333155_73_1333154_1333154.next_page=/wc/fichaDiputado?idDiputado=111&idLegislatura=14
Anaprietonieto,Ana  Prieto Nieto, Ana  ,Prieto Nieto,PSOE,GPS ,GP. Socialista,F,http://www.congreso.es/portal/page/portal/Congreso/Congreso/Diputados/BusqForm?_piref73_1333155_73_1333154_1333154.next_page=/wc/fichaDiputado?idDiputado=81&idLegislatura=14
Andreafernándezbenéitez,Andrea  Fernández Benéitez, Andrea  ,Fernández Benéitez,VOX,GPS ,GP. Socialista,F,http://www.congreso.es/portal/page/portal/Congreso/Congreso/Diputados/BusqForm?_piref73_1333155_73_1333154_1333154.next_page=/wc/fichaDiputado?idDiputado=102&idLegislatura=14
Andreafernándezbenéitez,Andrea  Fernández Benéitez, Andrea  ,Fernández Benéitez,VOX,GPS ,GP. Socialista,F,http://www.congreso.es/portal/page/portal/Congreso/Congreso/Diputados/BusqForm?_piref73_1333155_73_1333154_1333154.next_page=/wc/fichaDiputado?idDiputado=102&idLegislatura=14
Andreafernándezbenéitez,Andrea  Fernández Benéitez, Andrea  ,Fernández Benéitez,VOX,GPS ,GP. Socialista,F,http://www.congreso.es/portal/page/portal/Congreso/Congreso/Diputados/BusqForm?_piref73_1333155_73_1333154_1333154.next_page=/wc/fichaDiputado?idDiputado=102&idLegislatura=14
Andrésalbertorodríguezalmeida,Andrés Alberto  Rodríguez Almeida, Andrés Alberto  ,Rodríguez Almeida,VOX,GPVOX ,GP. VOX,M,http://www.congreso.es/portal/page/portal/Congreso/Congreso/Diputados/BusqForm?_piref73_1333155_73_1333154_1333154.next_page=/wc/fichaDiputado?idDiputado=256&idLegislatura=14
Andrésloritelorite,Andrés  Lorite Lorite, Andrés  ,Lorite Lorite,PP,GPP ,GP. Popular en el congreso,M,http://www.congreso.es/portal/page/portal/Congreso/Congreso/Diputados/BusqForm?_piref73_1333155_73_1333154_1333154.next_page=/wc/fichaDiputado?idDiputado=105&idLegislatura=14
Ángellópezmaraver,Ángel  López Maraver, Ángel  ,López Maraver,IU/GCUP-EC-GC,GPVOX ,GP. VOX,M,http://www.congreso.es/portal/page/portal/Congreso/Congreso/Diputados/BusqForm?_piref73_1333155_73_1333154_1333154.next_page=/wc/fichaDiputado?idDiputado=311&idLegislatura=14
Ángellópezmaraver,Ángel  López Maraver, Ángel  ,López Maraver,IU/GCUP-EC-GC,GPVOX ,GP. VOX,M,http://www.congreso.es/portal/page/portal/Congreso/Congreso/Diputados/BusqForm?_piref73_1333155_73_1333154_1333154.next_page=/wc/fichaDiputado?idDiputado=311&idLegislatura=14
Ángellópezmaraver,Ángel  López Maraver, Ángel  ,López Maraver,IU/GCUP-EC-GC,GPVOX ,GP. VOX,M,http://www.congreso.es/portal/page/portal/Congreso/Congreso/Diputados/BusqForm?_piref73_1333155_73_1333154_1333154.next_page=/wc/fichaDiputado?idDiputado=311&idLegislatura=14
Ángelluisgonzálezmuñoz,Ángel Luis González Muñoz,Ángel ,Gonzalez Munoz,PP,GPP,GP. Popular en el congreso,M,#N/A
Antidiofagúndezcampo,Antidio  Fagúndez Campo, Antidio  ,Fagúndez Campo,PSOE,GPS ,GP. Socialista,M,http://www.congreso.es/portal/page/portal/Congreso/Congreso/Diputados/BusqForm?_piref73_1333155_73_1333154_1333154.next_page=/wc/fichaDiputado?idDiputado=4&idLegislatura=14
Antoniajoverdíaz,Antonia  Jover Díaz, Antonia  ,Jover Díaz,UP/GCUP-EC-GC,GPCUP-CP-GC,GP. Confederal De Unidas Podemos-En Comú Podem-Galicia En Común,F,http://www.congreso.es/portal/page/portal/Congreso/Congreso/Diputados/BusqForm?_piref73_1333155_73_1333154_1333154.next_page=/wc/fichaDiputado?idDiputado=334&idLegislatura=14
Antoniogómez-Reinovarela,Antonio  Gómez-Reino Varela, Antonio  ,Gómez-Reino Varela,EC-UP/GCPU-EC-GC,GPCUP-CP-GC,GP. Confederal De Unidas Podemos-En Comú Podem-Galicia En Común,M,http://www.congreso.es/portal/page/portal/Congreso/Congreso/Diputados/BusqForm?_piref73_1333155_73_1333154_1333154.next_page=/wc/fichaDiputado?idDiputado=176&idLegislatura=14
Antoniogonzálezterol,Antonio  González Terol, Antonio  ,González Terol,PP,GPP ,GP. Popular en el congreso,M,http://www.congreso.es/portal/page/portal/Congreso/Congreso/Diputados/BusqForm?_piref73_1333155_73_1333154_1333154.next_page=/wc/fichaDiputado?idDiputado=166&idLegislatura=14
Antoniohurtadozurera,Antonio  Hurtado Zurera, Antonio  ,Hurtado Zurera,PSOE,GPS ,GP. Socialista,M,http://www.congreso.es/portal/page/portal/Congreso/Congreso/Diputados/BusqForm?_piref73_1333155_73_1333154_1333154.next_page=/wc/fichaDiputado?idDiputado=372&idLegislatura=14
Antoniosalváverd,Antonio  Salvá Verd, Antonio  ,Salvá Verd,VOX,GPVOX ,GP. VOX,M,http://www.congreso.es/portal/page/portal/Congreso/Congreso/Diputados/BusqForm?_piref73_1333155_73_1333154_1333154.next_page=/wc/fichaDiputado?idDiputado=162&idLegislatura=14
Ariagonagonzálezpérez,Ariagona  González Pérez, Ariagona  ,González Pérez,PSOE,GPS ,GP. Socialista,F,http://www.congreso.es/portal/page/portal/Congreso/Congreso/Diputados/BusqForm?_piref73_1333155_73_1333154_1333154.next_page=/wc/fichaDiputado?idDiputado=164&idLegislatura=14
Arnauramírezcarner,Arnau  Ramírez Carner, Arnau  ,Ramírez Carner,PSOE,GPS ,GP. Socialista,M,http://www.congreso.es/portal/page/portal/Congreso/Congreso/Diputados/BusqForm?_piref73_1333155_73_1333154_1333154.next_page=/wc/fichaDiputado?idDiputado=197&idLegislatura=14
Aureliozapatasimón,Aurelio Zapata Simón,Aurelio,Zapata Simón    ,PSOE,GPS ,GP. Socialista,M,#N/A
Beatrizisabelálvarezfanjul,Beatriz  Álvarez Fanjul, Beatriz  ,Álvarez Fanjul,PP,GPP ,GP. Popular en el congreso,F,http://www.congreso.es/portal/page/portal/Congreso/Congreso/Diputados/BusqForm?_piref73_1333155_73_1333154_1333154.next_page=/wc/fichaDiputado?idDiputado=101&idLegislatura=14
Beatrizjiménezlinuesa,Beatriz  Jiménez Linuesa, Beatriz  ,Jiménez Linuesa,PP,GPP ,GP. Popular en el congreso,F,http://www.congreso.es/portal/page/portal/Congreso/Congreso/Diputados/BusqForm?_piref73_1333155_73_1333154_1333154.next_page=/wc/fichaDiputado?idDiputado=206&idLegislatura=14
Beatrizmicaelacarrillodelosreyes,Beatriz Micaela  Carrillo De Los Reyes, Beatriz Micaela  ,Carrillo de los Reyes,PSOE,GPS ,GP. Socialista,F,http://www.congreso.es/portal/page/portal/Congreso/Congreso/Diputados/BusqForm?_piref73_1333155_73_1333154_1333154.next_page=/wc/fichaDiputado?idDiputado=280&idLegislatura=14
Begoñanasarreoliva,Begoña  Nasarre Oliva, Begoña  ,Nasarre Oliva,PSOE,GPS ,GP. Socialista,F,http://www.congreso.es/portal/page/portal/Congreso/Congreso/Diputados/BusqForm?_piref73_1333155_73_1333154_1333154.next_page=/wc/fichaDiputado?idDiputado=313&idLegislatura=14
Belénhoyojuliá,Belén  Hoyo Juliá, Belén  ,Hoyo Juliá,PP,GPP ,GP. Popular en el congreso,F,http://www.congreso.es/portal/page/portal/Congreso/Congreso/Diputados/BusqForm?_piref73_1333155_73_1333154_1333154.next_page=/wc/fichaDiputado?idDiputado=141&idLegislatura=14
Carlatoscanodebalbín,Carla  Toscano De Balbín, Carla  ,Toscano de Balbín,VOX,GPVOX ,GP. VOX,F,http://www.congreso.es/portal/page/portal/Congreso/Congreso/Diputados/BusqForm?_piref73_1333155_73_1333154_1333154.next_page=/wc/fichaDiputado?idDiputado=296&idLegislatura=14
Carlosaragonésmendiguchía,Carlos  Aragonés Mendiguchía, Carlos  ,Aragonés Mendiguchía,PP,GPP ,GP. Popular en el congreso,M,http://www.congreso.es/portal/page/portal/Congreso/Congreso/Diputados/BusqForm?_piref73_1333155_73_1333154_1333154.next_page=/wc/fichaDiputado?idDiputado=232&idLegislatura=14
Carlosjosézambranogarcía-Raez,Carlos José  Zambrano García-Raez, Carlos José  ,Zambrano García-Raez,UPN/Mx,GPVOX ,GP. VOX,M,http://www.congreso.es/portal/page/portal/Congreso/Congreso/Diputados/BusqForm?_piref73_1333155_73_1333154_1333154.next_page=/wc/fichaDiputado?idDiputado=254&idLegislatura=14
Carlosrojasgarcía,Carlos  Rojas García, Carlos  ,Rojas García,VOX,GPP ,GP. Popular en el congreso,M,http://www.congreso.es/portal/page/portal/Congreso/Congreso/Diputados/BusqForm?_piref73_1333155_73_1333154_1333154.next_page=/wc/fichaDiputado?idDiputado=242&idLegislatura=14
CarmeloRomeroHernandez ,Carmelo Romero Hernandez ,Carmelo,Romero Hernandez     ,PP,GPP,GP. Popular en el congreso,M,#N/A
Carmencalvopoyato,Carmen  Calvo Poyato, Carmen  ,Calvo Poyato,PP,GPS ,GP. Socialista,F,http://www.congreso.es/portal/page/portal/Congreso/Congreso/Diputados/BusqForm?_piref73_1333155_73_1333154_1333154.next_page=/wc/fichaDiputado?idDiputado=258&idLegislatura=14
Carmencalvopoyato,Carmen  Calvo Poyato, Carmen  ,Calvo Poyato,PP,GPS ,GP. Socialista,F,http://www.congreso.es/portal/page/portal/Congreso/Congreso/Diputados/BusqForm?_piref73_1333155_73_1333154_1333154.next_page=/wc/fichaDiputado?idDiputado=258&idLegislatura=14
Carolinatelecheailozano,Carolina  Telechea I Lozano, Carolina  ,Telechea i Lozano,PSOE,GPR ,GP. Republicano,F,http://www.congreso.es/portal/page/portal/Congreso/Congreso/Diputados/BusqForm?_piref73_1333155_73_1333154_1333154.next_page=/wc/fichaDiputado?idDiputado=188&idLegislatura=14
Cayetanaalvarezdetoledoperalta-Ramos,Cayetana  Álvarez De Toledo Peralta-Ramos, Cayetana  ,Álvarez de Toledo Peralta-Ramos,PP,GPP ,GP. Popular en el congreso,F,http://www.congreso.es/portal/page/portal/Congreso/Congreso/Diputados/BusqForm?_piref73_1333155_73_1333154_1333154.next_page=/wc/fichaDiputado?idDiputado=308&idLegislatura=14
Celsoluisdelgadoarce,Celso Luis  Delgado Arce, Celso Luis  ,Delgado Arce,PP,GPP ,GP. Popular en el congreso,M,http://www.congreso.es/portal/page/portal/Congreso/Congreso/Diputados/BusqForm?_piref73_1333155_73_1333154_1333154.next_page=/wc/fichaDiputado?idDiputado=116&idLegislatura=14
Césarjoaquínramosesteban,César Joaquín  Ramos Esteban, César Joaquín  ,Ramos Esteban,PSOE,GPS ,GP. Socialista,M,http://www.congreso.es/portal/page/portal/Congreso/Congreso/Diputados/BusqForm?_piref73_1333155_73_1333154_1333154.next_page=/wc/fichaDiputado?idDiputado=178&idLegislatura=14
Césarsánchezpérez,César  Sánchez Pérez, César  ,Sánchez Pérez,PP,GPP ,GP. Popular en el congreso,M,http://www.congreso.es/portal/page/portal/Congreso/Congreso/Diputados/BusqForm?_piref73_1333155_73_1333154_1333154.next_page=/wc/fichaDiputado?idDiputado=249&idLegislatura=14
Concepcañadellsalvia,Concep  Cañadell Salvia, Concep  ,Cañadell Salvia,PDeCAT/Plural,GPPlu ,GP. Plural,F,http://www.congreso.es/portal/page/portal/Congreso/Congreso/Diputados/BusqForm?_piref73_1333155_73_1333154_1333154.next_page=/wc/fichaDiputado?idDiputado=21&idLegislatura=14
Concepcióngamarraruiz-Clavijo,Concepción  Gamarra Ruiz-Clavijo, Concepción  ,Gamarra Ruiz-Clavijo,PP,GPP ,GP. Popular en el congreso,F,http://www.congreso.es/portal/page/portal/Congreso/Congreso/Diputados/BusqForm?_piref73_1333155_73_1333154_1333154.next_page=/wc/fichaDiputado?idDiputado=261&idLegislatura=14
Cristinaaliciaestebancalonje,Cristina Alicia  Esteban Calonje, Cristina Alicia  ,Esteban Calonje,PSOE,GPVOX ,GP. VOX,F,http://www.congreso.es/portal/page/portal/Congreso/Congreso/Diputados/BusqForm?_piref73_1333155_73_1333154_1333154.next_page=/wc/fichaDiputado?idDiputado=297&idLegislatura=14
Cristinaaliciaestebancalonje,Cristina Alicia  Esteban Calonje, Cristina Alicia  ,Esteban Calonje,PSOE,GPVOX ,GP. VOX,F,http://www.congreso.es/portal/page/portal/Congreso/Congreso/Diputados/BusqForm?_piref73_1333155_73_1333154_1333154.next_page=/wc/fichaDiputado?idDiputado=297&idLegislatura=14
Cristinalópezzamora,Cristina  López Zamora, Cristina  ,López Zamora,PP,GPS ,GP. Socialista,F,http://www.congreso.es/portal/page/portal/Congreso/Congreso/Diputados/BusqForm?_piref73_1333155_73_1333154_1333154.next_page=/wc/fichaDiputado?idDiputado=224&idLegislatura=14
Cristinalópezzamora,Cristina  López Zamora, Cristina  ,López Zamora,PP,GPS ,GP. Socialista,F,http://www.congreso.es/portal/page/portal/Congreso/Congreso/Diputados/BusqForm?_piref73_1333155_73_1333154_1333154.next_page=/wc/fichaDiputado?idDiputado=224&idLegislatura=14
Danielsenderosoraá,Daniel  Senderos Oraá, Daniel  ,Senderos Oraá,PSOE,GPS ,GP. Socialista,M,http://www.congreso.es/portal/page/portal/Congreso/Congreso/Diputados/BusqForm?_piref73_1333155_73_1333154_1333154.next_page=/wc/fichaDiputado?idDiputado=367&idLegislatura=14
Danielvicenteviondi,Daniel  Vicente Viondi, Daniel  ,Vicente Viondi,PSOE,GPS ,GP. Socialista,M,http://www.congreso.es/portal/page/portal/Congreso/Congreso/Diputados/BusqForm?_piref73_1333155_73_1333154_1333154.next_page=/wc/fichaDiputado?idDiputado=80&idLegislatura=14
Davidserradapariente,David  Serrada Pariente, David  ,Serrada Pariente,PSOE,GPS ,GP. Socialista,M,http://www.congreso.es/portal/page/portal/Congreso/Congreso/Diputados/BusqForm?_piref73_1333155_73_1333154_1333154.next_page=/wc/fichaDiputado?idDiputado=37&idLegislatura=14
Diegogagobugarín,Diego  Gago Bugarín, Diego  ,Gago Bugarín,PP,GPP ,GP. Popular en el congreso,M,http://www.congreso.es/portal/page/portal/Congreso/Congreso/Diputados/BusqForm?_piref73_1333155_73_1333154_1333154.next_page=/wc/fichaDiputado?idDiputado=121&idLegislatura=14
Diegogagobugarín,Diego  Gago Bugarín, Diego  ,Gago Bugarín,PP,GPP ,GP. Popular en el congreso,M,http://www.congreso.es/portal/page/portal/Congreso/Congreso/Diputados/BusqForm?_piref73_1333155_73_1333154_1333154.next_page=/wc/fichaDiputado?idDiputado=121&idLegislatura=14
Diegomovellánlombilla,Diego  Movellán Lombilla, Diego  ,Movellán Lombilla,ERC-S,GPP ,GP. Popular en el congreso,M,http://www.congreso.es/portal/page/portal/Congreso/Congreso/Diputados/BusqForm?_piref73_1333155_73_1333154_1333154.next_page=/wc/fichaDiputado?idDiputado=78&idLegislatura=14
Diegomovellánlombilla,Diego  Movellán Lombilla, Diego  ,Movellán Lombilla,ERC-S,GPP ,GP. Popular en el congreso,M,http://www.congreso.es/portal/page/portal/Congreso/Congreso/Diputados/BusqForm?_piref73_1333155_73_1333154_1333154.next_page=/wc/fichaDiputado?idDiputado=78&idLegislatura=14
Diegotaibomonelos,Diego  Taibo Monelos, Diego  ,Taibo Monelos,PSOE,GPS ,GP. Socialista,M,http://www.congreso.es/portal/page/portal/Congreso/Congreso/Diputados/BusqForm?_piref73_1333155_73_1333154_1333154.next_page=/wc/fichaDiputado?idDiputado=373&idLegislatura=14
Edmundobalfrancés,Edmundo  Bal Francés, Edmundo  ,Bal Francés,Cs,GPCs ,GP. Ciudadanos,M,http://www.congreso.es/portal/page/portal/Congreso/Congreso/Diputados/BusqForm?_piref73_1333155_73_1333154_1333154.next_page=/wc/fichaDiputado?idDiputado=211&idLegislatura=14
Eduardocarazohermoso,Eduardo  Carazo Hermoso, Eduardo  ,Carazo Hermoso,PP,GPP ,GP. Popular en el congreso,M,http://www.congreso.es/portal/page/portal/Congreso/Congreso/Diputados/BusqForm?_piref73_1333155_73_1333154_1333154.next_page=/wc/fichaDiputado?idDiputado=245&idLegislatura=14
Eduardoluisruiznavarro,Eduardo Luis  Ruiz Navarro, Eduardo Luis  ,Ruiz Navarro,VOX,GPVOX ,GP. VOX,M,http://www.congreso.es/portal/page/portal/Congreso/Congreso/Diputados/BusqForm?_piref73_1333155_73_1333154_1333154.next_page=/wc/fichaDiputado?idDiputado=217&idLegislatura=14
Edurneuriartebengoechea,Edurne  Uriarte Bengoechea, Edurne  ,Uriarte Bengoechea,PP,GPP ,GP. Popular en el congreso,F,http://www.congreso.es/portal/page/portal/Congreso/Congreso/Diputados/BusqForm?_piref73_1333155_73_1333154_1333154.next_page=/wc/fichaDiputado?idDiputado=30&idLegislatura=14
Elenacastillolópez,Elena  Castillo López, Elena  ,Castillo López,PP,GPP ,GP. Popular en el congreso,F,http://www.congreso.es/portal/page/portal/Congreso/Congreso/Diputados/BusqForm?_piref73_1333155_73_1333154_1333154.next_page=/wc/fichaDiputado?idDiputado=77&idLegislatura=14
Eloysuárezlamata,Eloy  Suárez Lamata, Eloy  ,Suárez Lamata,PP,GPP ,GP. Popular en el congreso,M,http://www.congreso.es/portal/page/portal/Congreso/Congreso/Diputados/BusqForm?_piref73_1333155_73_1333154_1333154.next_page=/wc/fichaDiputado?idDiputado=214&idLegislatura=14
Elviraramónutrabo,Elvira  Ramón Utrabo, Elvira  ,Ramón Utrabo,PSOE,GPS ,GP. Socialista,F,http://www.congreso.es/portal/page/portal/Congreso/Congreso/Diputados/BusqForm?_piref73_1333155_73_1333154_1333154.next_page=/wc/fichaDiputado?idDiputado=8&idLegislatura=14
Elviravelascomorillo,Elvira  Velasco Morillo, Elvira  ,Velasco Morillo,PP,GPP ,GP. Popular en el congreso,F,http://www.congreso.es/portal/page/portal/Congreso/Congreso/Diputados/BusqForm?_piref73_1333155_73_1333154_1333154.next_page=/wc/fichaDiputado?idDiputado=10&idLegislatura=14
Emiliojesúsdelvallerodríguez,Emilio Jesús  Del Valle Rodríguez, Emilio Jesús  ,Del Valle Rodríguez,VOX,GPVOX ,GP. VOX,M,http://www.congreso.es/portal/page/portal/Congreso/Congreso/Diputados/BusqForm?_piref73_1333155_73_1333154_1333154.next_page=/wc/fichaDiputado?idDiputado=175&idLegislatura=14
Enriquefernandosantiagoromero,Enrique Fernando  Santiago Romero, Enrique Fernando  ,Santiago Romero,IU/GCUP-EC-GC,GPCUP-CP-GC,GP. Confederal De Unidas Podemos-En Comú Podem-Galicia En Común,M,http://www.congreso.es/portal/page/portal/Congreso/Congreso/Diputados/BusqForm?_piref73_1333155_73_1333154_1333154.next_page=/wc/fichaDiputado?idDiputado=45&idLegislatura=14
Estherpadillaruiz,Esther  Padilla Ruiz, Esther  ,Padilla Ruiz,PSOE,GPS ,GP. Socialista,F,http://www.congreso.es/portal/page/portal/Congreso/Congreso/Diputados/BusqForm?_piref73_1333155_73_1333154_1333154.next_page=/wc/fichaDiputado?idDiputado=173&idLegislatura=14
Estherpeñacamarero,Esther  Peña Camarero, Esther  ,Peña Camarero,PSOE,GPS ,GP. Socialista,F,http://www.congreso.es/portal/page/portal/Congreso/Congreso/Diputados/BusqForm?_piref73_1333155_73_1333154_1333154.next_page=/wc/fichaDiputado?idDiputado=18&idLegislatura=14
Evabravobarco,Eva  Bravo Barco, Eva  ,Bravo Barco,PSOE,GPS ,GP. Socialista,F,http://www.congreso.es/portal/page/portal/Congreso/Congreso/Diputados/BusqForm?_piref73_1333155_73_1333154_1333154.next_page=/wc/fichaDiputado?idDiputado=281&idLegislatura=14
Evapatriciabuenocampanario,Eva Patricia  Bueno Campanario, Eva Patricia  ,Bueno Campanario,PSOE,GPS ,GP. Socialista,F,http://www.congreso.es/portal/page/portal/Congreso/Congreso/Diputados/BusqForm?_piref73_1333155_73_1333154_1333154.next_page=/wc/fichaDiputado?idDiputado=314&idLegislatura=14
Ezequielgarcíanieto,Ezequiel García Nieto,Ezequiel,García Nieto    ,UP/GCUP-EC-GC,GPCUP-CP-GC,GP. Confederal De Unidas Podemos-En Comú Podem-Galicia En Común,M,#N/A
Felipejesússiciliaalférez,Felipe Jesús  Sicilia Alférez, Felipe Jesús  ,Sicilia Alférez,PSOE,GPS ,GP. Socialista,M,http://www.congreso.es/portal/page/portal/Congreso/Congreso/Diputados/BusqForm?_piref73_1333155_73_1333154_1333154.next_page=/wc/fichaDiputado?idDiputado=259&idLegislatura=14
Fernandoadolfogutiérrezdíazdeotazu,Fernando Adolfo  Gutiérrez Díaz De Otazu, Fernando Adolfo  ,Gutiérrez Díaz de Otazu,PP,GPP ,GP. Popular en el congreso,M,http://www.congreso.es/portal/page/portal/Congreso/Congreso/Diputados/BusqForm?_piref73_1333155_73_1333154_1333154.next_page=/wc/fichaDiputado?idDiputado=149&idLegislatura=14
Ferranbelaccensi,Ferran  Bel Accensi, Ferran  ,Bel Accensi,PDeCAT/Plural,GPPlu ,GP. Plural,M,http://www.congreso.es/portal/page/portal/Congreso/Congreso/Diputados/BusqForm?_piref73_1333155_73_1333154_1333154.next_page=/wc/fichaDiputado?idDiputado=14&idLegislatura=14
Franciscojavierortegasmith-Molina,Francisco Javier  Ortega Smith-Molina, Francisco Javier  ,Ortega Smith-Molina,ERC-S,GPVOX ,GP. VOX,M,http://www.congreso.es/portal/page/portal/Congreso/Congreso/Diputados/BusqForm?_piref73_1333155_73_1333154_1333154.next_page=/wc/fichaDiputado?idDiputado=326&idLegislatura=14
Franciscojosécontreraspeláez,Francisco José  Contreras Peláez, Francisco José  ,Contreras Peláez,PSOE,GPVOX ,GP. VOX,M,http://www.congreso.es/portal/page/portal/Congreso/Congreso/Diputados/BusqForm?_piref73_1333155_73_1333154_1333154.next_page=/wc/fichaDiputado?idDiputado=229&idLegislatura=14
Franciscojosécontreraspeláez,Francisco José  Contreras Peláez, Francisco José  ,Contreras Peláez,PSOE,GPVOX ,GP. VOX,M,http://www.congreso.es/portal/page/portal/Congreso/Congreso/Diputados/BusqForm?_piref73_1333155_73_1333154_1333154.next_page=/wc/fichaDiputado?idDiputado=229&idLegislatura=14
Fuensantalimacid,Fuensanta  Lima Cid, Fuensanta  ,Lima Cid,PSOE,GPS ,GP. Socialista,F,http://www.congreso.es/portal/page/portal/Congreso/Congreso/Diputados/BusqForm?_piref73_1333155_73_1333154_1333154.next_page=/wc/fichaDiputado?idDiputado=59&idLegislatura=14
Gabrielelorriagapisarik,Gabriel  Elorriaga Pisarik,Gabriel ,Elorriaga Pisarik,PP,GPP ,GP. Popular en el congreso,M,http://www.congreso.es/portal/page/portal/Congreso/Congreso/Diputados/BusqForm?_piref73_1333155_73_1333154_1333154.next_page=/wc/fichaDiputado?idDiputado=376&idLegislatura=14
Gabrielrufiánromero,Gabriel  Rufián Romero, Gabriel  ,Rufián Romero,ERC-S,GPR ,GP. Republicano,M,http://www.congreso.es/portal/page/portal/Congreso/Congreso/Diputados/BusqForm?_piref73_1333155_73_1333154_1333154.next_page=/wc/fichaDiputado?idDiputado=187&idLegislatura=14
Gemalópezsomoza,Gema  López Somoza, Gema  ,López Somoza,PSOE,GPS ,GP. Socialista,F,http://www.congreso.es/portal/page/portal/Congreso/Congreso/Diputados/BusqForm?_piref73_1333155_73_1333154_1333154.next_page=/wc/fichaDiputado?idDiputado=363&idLegislatura=14
Gemmaaraujomorales,Gemma  Araujo Morales, Gemma  ,Araujo Morales,PSOE,GPS ,GP. Socialista,F,http://www.congreso.es/portal/page/portal/Congreso/Congreso/Diputados/BusqForm?_piref73_1333155_73_1333154_1333154.next_page=/wc/fichaDiputado?idDiputado=364&idLegislatura=14
Genísboadellaesteve,Genís  Boadella Esteve, Genís  ,Boadella Esteve,VOX,GPPlu ,GP. Plural,M,http://www.congreso.es/portal/page/portal/Congreso/Congreso/Diputados/BusqForm?_piref73_1333155_73_1333154_1333154.next_page=/wc/fichaDiputado?idDiputado=24&idLegislatura=14
Genísboadellaesteve,Genís  Boadella Esteve, Genís  ,Boadella Esteve,VOX,GPPlu ,GP. Plural,M,http://www.congreso.es/portal/page/portal/Congreso/Congreso/Diputados/BusqForm?_piref73_1333155_73_1333154_1333154.next_page=/wc/fichaDiputado?idDiputado=24&idLegislatura=14
Georginatríasgil,Georgina  Trías Gil, Georgina  ,Trías Gil,VOX,GPVOX ,GP. VOX,F,http://www.congreso.es/portal/page/portal/Congreso/Congreso/Diputados/BusqForm?_piref73_1333155_73_1333154_1333154.next_page=/wc/fichaDiputado?idDiputado=277&idLegislatura=14
Georginatríasgil,Georgina  Trías Gil, Georgina  ,Trías Gil,VOX,GPVOX ,GP. VOX,F,http://www.congreso.es/portal/page/portal/Congreso/Congreso/Diputados/BusqForm?_piref73_1333155_73_1333154_1333154.next_page=/wc/fichaDiputado?idDiputado=277&idLegislatura=14
Gerardálvarezigarcía,Gerard Álvarez I García,Gerard,Álvarez I García   ,ERC-S,GPR ,GP. Republicano,M,#N/A
Gerardopisarelloprados,Gerardo  Pisarello Prados, Gerardo  ,Pisarello Prados,ECP-GUAYEM EL CANVI/GCPU-EC-GC,GPCUP-CP-GC,GP. Confederal De Unidas Podemos-En Comú Podem-Galicia En Común,M,http://www.congreso.es/portal/page/portal/Congreso/Congreso/Diputados/BusqForm?_piref73_1333155_73_1333154_1333154.next_page=/wc/fichaDiputado?idDiputado=290&idLegislatura=14
Germánrenaumartínez,Germán  Renau Martínez, Germán  ,Renau Martínez,PSOE,GPS ,GP. Socialista,M,http://www.congreso.es/portal/page/portal/Congreso/Congreso/Diputados/BusqForm?_piref73_1333155_73_1333154_1333154.next_page=/wc/fichaDiputado?idDiputado=52&idLegislatura=14
Guillermoantoniomeijóncouselo,Guillermo Antonio  Meijón Couselo, Guillermo Antonio  ,Meijón Couselo,PSOE,GPS ,GP. Socialista,M,http://www.congreso.es/portal/page/portal/Congreso/Congreso/Diputados/BusqForm?_piref73_1333155_73_1333154_1333154.next_page=/wc/fichaDiputado?idDiputado=1&idLegislatura=14
Guillermodíazgómez,Guillermo  Díaz Gómez, Guillermo  ,Díaz Gómez,Cs,GPCs ,GP. Ciudadanos,M,http://www.congreso.es/portal/page/portal/Congreso/Congreso/Diputados/BusqForm?_piref73_1333155_73_1333154_1333154.next_page=/wc/fichaDiputado?idDiputado=122&idLegislatura=14
Guillermomariscalanaya,Guillermo  Mariscal Anaya, Guillermo  ,Mariscal Anaya,PP,GPP ,GP. Popular en el congreso,M,http://www.congreso.es/portal/page/portal/Congreso/Congreso/Diputados/BusqForm?_piref73_1333155_73_1333154_1333154.next_page=/wc/fichaDiputado?idDiputado=339&idLegislatura=14
Héctorgómezhernández,Héctor  Gómez Hernández, Héctor  ,Gómez Hernández,PSOE,GPS ,GP. Socialista,M,http://www.congreso.es/portal/page/portal/Congreso/Congreso/Diputados/BusqForm?_piref73_1333155_73_1333154_1333154.next_page=/wc/fichaDiputado?idDiputado=104&idLegislatura=14
Helenacaballerogutiérrez,Helena  Caballero Gutiérrez, Helena  ,Caballero Gutiérrez,PSOE,GPS ,GP. Socialista,F,http://www.congreso.es/portal/page/portal/Congreso/Congreso/Diputados/BusqForm?_piref73_1333155_73_1333154_1333154.next_page=/wc/fichaDiputado?idDiputado=320&idLegislatura=14
Herminiorufinosanchoíñiguez,Herminio Rufino  Sancho Íñiguez, Herminio Rufino  ,Sancho Íñiguez,PSOE,GPS ,GP. Socialista,M,http://www.congreso.es/portal/page/portal/Congreso/Congreso/Diputados/BusqForm?_piref73_1333155_73_1333154_1333154.next_page=/wc/fichaDiputado?idDiputado=15&idLegislatura=14
Idoiasagastizabalunzetabarrenetxea,Idoia  Sagastizabal Unzetabarrenetxea, Idoia  ,Sagastizabal Unzetabarrenetxea,EAJ-PNV,GPV (EAJ-PNV),GP. Vasco (EAJ-PNV),F,http://www.congreso.es/portal/page/portal/Congreso/Congreso/Diputados/BusqForm?_piref73_1333155_73_1333154_1333154.next_page=/wc/fichaDiputado?idDiputado=98&idLegislatura=14
Ignaciogillázaro,Ignacio  Gil Lázaro, Ignacio  ,Gil Lázaro,VOX,GPVOX ,GP. VOX,M,http://www.congreso.es/portal/page/portal/Congreso/Congreso/Diputados/BusqForm?_piref73_1333155_73_1333154_1333154.next_page=/wc/fichaDiputado?idDiputado=295&idLegislatura=14
Ignaciolópezcano,Ignacio  López Cano, Ignacio  ,López Cano,PSOE,GPS ,GP. Socialista,M,http://www.congreso.es/portal/page/portal/Congreso/Congreso/Diputados/BusqForm?_piref73_1333155_73_1333154_1333154.next_page=/wc/fichaDiputado?idDiputado=343&idLegislatura=14
Ilauraberjavega,Ilaura Berja Vega,Ilaura,Berja Vega    ,PSOE,GPS ,GP. Socialista,F,#N/A
Iñakiruizdepinedoundiano,Iñaki  Ruiz De Pinedo Undiano, Iñaki  ,Ruiz de Pinedo Undiano,EH Bildu,GPEHB,GP. Euskal Herria Bildu,M,http://www.congreso.es/portal/page/portal/Congreso/Congreso/Diputados/BusqForm?_piref73_1333155_73_1333154_1333154.next_page=/wc/fichaDiputado?idDiputado=64&idLegislatura=14
Indaleciogutiérrezsalinas,Indalecio  Gutiérrez Salinas, Indalecio  ,Gutiérrez Salinas,PSOE,GPS ,GP. Socialista,M,http://www.congreso.es/portal/page/portal/Congreso/Congreso/Diputados/BusqForm?_piref73_1333155_73_1333154_1333154.next_page=/wc/fichaDiputado?idDiputado=358&idLegislatura=14
Inésmaríacañizarespacheco,Inés María  Cañizares Pacheco, Inés María  ,Cañizares Pacheco,Cs,GPVOX ,GP. VOX,F,http://www.congreso.es/portal/page/portal/Congreso/Congreso/Diputados/BusqForm?_piref73_1333155_73_1333154_1333154.next_page=/wc/fichaDiputado?idDiputado=152&idLegislatura=14
Inésmaríacañizarespacheco,Inés María  Cañizares Pacheco, Inés María  ,Cañizares Pacheco,Cs,GPVOX ,GP. VOX,F,http://www.congreso.es/portal/page/portal/Congreso/Congreso/Diputados/BusqForm?_piref73_1333155_73_1333154_1333154.next_page=/wc/fichaDiputado?idDiputado=152&idLegislatura=14
Inéssabanésnadal,Inés  Sabanés Nadal, Inés  ,Sabanés Nadal,Más País-EQUO/Plural,GPPlu ,GP. Plural,F,http://www.congreso.es/portal/page/portal/Congreso/Congreso/Diputados/BusqForm?_piref73_1333155_73_1333154_1333154.next_page=/wc/fichaDiputado?idDiputado=234&idLegislatura=14
Íñigobarandiaranbenito,Íñigo  Barandiaran Benito, Íñigo  ,Barandiaran Benito,EAJ-PNV,GPV (EAJ-PNV),GP. Vasco (EAJ-PNV),M,http://www.congreso.es/portal/page/portal/Congreso/Congreso/Diputados/BusqForm?_piref73_1333155_73_1333154_1333154.next_page=/wc/fichaDiputado?idDiputado=97&idLegislatura=14
Íñigoerrejóngalván,Íñigo  Errejón Galván, Íñigo  ,Errejón Galván,ERC-S,GPPlu ,GP. Plural,M,http://www.congreso.es/portal/page/portal/Congreso/Congreso/Diputados/BusqForm?_piref73_1333155_73_1333154_1333154.next_page=/wc/fichaDiputado?idDiputado=233&idLegislatura=14
Íñigoerrejóngalván,Íñigo  Errejón Galván, Íñigo  ,Errejón Galván,ERC-S,GPPlu ,GP. Plural,M,http://www.congreso.es/portal/page/portal/Congreso/Congreso/Diputados/BusqForm?_piref73_1333155_73_1333154_1333154.next_page=/wc/fichaDiputado?idDiputado=233&idLegislatura=14
Ionebelarraurteaga,Ione  Belarra Urteaga, Ione  ,Belarra Urteaga,UP/GCUP-EC-GC,GPCUP-CP-GC,GP. Confederal De Unidas Podemos-En Comú Podem-Galicia En Común,F,http://www.congreso.es/portal/page/portal/Congreso/Congreso/Diputados/BusqForm?_piref73_1333155_73_1333154_1333154.next_page=/wc/fichaDiputado?idDiputado=139&idLegislatura=14
Irenemaríamonterogil,Irene María  Montero Gil, Irene María  ,Montero Gil,UP/GCUP-EC-GC,GPCUP-CP-GC,GP. Confederal De Unidas Podemos-En Comú Podem-Galicia En Común,F,http://www.congreso.es/portal/page/portal/Congreso/Congreso/Diputados/BusqForm?_piref73_1333155_73_1333154_1333154.next_page=/wc/fichaDiputado?idDiputado=329&idLegislatura=14
Isabelfrancocarmona,Isabel  Franco Carmona, Isabel  ,Franco Carmona,UP/GCUP-EC-GC,GPCUP-CP-GC,GP. Confederal De Unidas Podemos-En Comú Podem-Galicia En Común,F,http://www.congreso.es/portal/page/portal/Congreso/Congreso/Diputados/BusqForm?_piref73_1333155_73_1333154_1333154.next_page=/wc/fichaDiputado?idDiputado=321&idLegislatura=14
Isabelgemapérezrecuerda,Isabel Gema Pérez Recuerda,Isabel,Gema Pérez Recuerda   ,PP,GPP,GP. Popular en el congreso,F,#N/A
Isabelmaríaborregocortés,Isabel María  Borrego Cortés, Isabel María  ,Borrego Cortés,PP,GPP ,GP. Popular en el congreso,F,http://www.congreso.es/portal/page/portal/Congreso/Congreso/Diputados/BusqForm?_piref73_1333155_73_1333154_1333154.next_page=/wc/fichaDiputado?idDiputado=130&idLegislatura=14
Isabelpozuetafernandez,Isabel Pozueta Fernandez ,Isabel,Pozueta Fernandez     ,EH Bildu,GPEHB,GP. Euskal Herria Bildu,F,#N/A
Isidromanuelmartínezoblanca,Isidro Manuel  Martínez Oblanca, Isidro Manuel  ,Martínez Oblanca,FAC/Mx,GPMX,GP. Mixto,M,http://www.congreso.es/portal/page/portal/Congreso/Congreso/Diputados/BusqForm?_piref73_1333155_73_1333154_1333154.next_page=/wc/fichaDiputado?idDiputado=20&idLegislatura=14
Jaimeeduardodeolanovela,Jaime Eduardo De  Olano Vela, Jaime Eduardo de  ,Olano Vela,PP,GPP ,GP. Popular en el congreso,M,http://www.congreso.es/portal/page/portal/Congreso/Congreso/Diputados/BusqForm?_piref73_1333155_73_1333154_1333154.next_page=/wc/fichaDiputado?idDiputado=167&idLegislatura=14
Jaimemiguelmateuistúriz,Jaime Miguel  Mateu Istúriz, Jaime Miguel  ,Mateu Istúriz,ECP-GUAYEM EL CANVI/GCPU-EC-GC,GPP ,GP. Popular en el congreso,M,http://www.congreso.es/portal/page/portal/Congreso/Congreso/Diputados/BusqForm?_piref73_1333155_73_1333154_1333154.next_page=/wc/fichaDiputado?idDiputado=133&idLegislatura=14
Jaimemiguelmateuistúriz,Jaime Miguel  Mateu Istúriz, Jaime Miguel  ,Mateu Istúriz,ECP-GUAYEM EL CANVI/GCPU-EC-GC,GPP ,GP. Popular en el congreso,M,http://www.congreso.es/portal/page/portal/Congreso/Congreso/Diputados/BusqForm?_piref73_1333155_73_1333154_1333154.next_page=/wc/fichaDiputado?idDiputado=133&idLegislatura=14
Jaumeasensllodrà,Jaume  Asens Llodrà, Jaume  ,Asens Llodrà,VOX,GPCUP-CP-GC,GP. Confederal De Unidas Podemos-En Comú Podem-Galicia En Común,M,http://www.congreso.es/portal/page/portal/Congreso/Congreso/Diputados/BusqForm?_piref73_1333155_73_1333154_1333154.next_page=/wc/fichaDiputado?idDiputado=291&idLegislatura=14
Jaumeasensllodrà,Jaume  Asens Llodrà, Jaume  ,Asens Llodrà,VOX,GPCUP-CP-GC,GP. Confederal De Unidas Podemos-En Comú Podem-Galicia En Común,M,http://www.congreso.es/portal/page/portal/Congreso/Congreso/Diputados/BusqForm?_piref73_1333155_73_1333154_1333154.next_page=/wc/fichaDiputado?idDiputado=291&idLegislatura=14
Javieralfonsocendón,Javier  Alfonso Cendón, Javier  ,Alfonso Cendón,PSOE,GPS ,GP. Socialista,M,http://www.congreso.es/portal/page/portal/Congreso/Congreso/Diputados/BusqForm?_piref73_1333155_73_1333154_1333154.next_page=/wc/fichaDiputado?idDiputado=103&idLegislatura=14
Javierantóncacho,Javier  Antón Cacho, Javier  ,Antón Cacho,PSOE,GPS ,GP. Socialista,M,http://www.congreso.es/portal/page/portal/Congreso/Congreso/Diputados/BusqForm?_piref73_1333155_73_1333154_1333154.next_page=/wc/fichaDiputado?idDiputado=100&idLegislatura=14
Javierbascorugeira,Javier  Bas Corugeira, Javier  ,Bas Corugeira,PP,GPP ,GP. Popular en el congreso,M,http://www.congreso.es/portal/page/portal/Congreso/Congreso/Diputados/BusqForm?_piref73_1333155_73_1333154_1333154.next_page=/wc/fichaDiputado?idDiputado=118&idLegislatura=14
Javiercerqueirogonzález,Javier  Cerqueiro González, Javier  ,Cerqueiro González,PsdeG-PSOE,GPS ,GP. Socialista,M,http://www.congreso.es/portal/page/portal/Congreso/Congreso/Diputados/BusqForm?_piref73_1333155_73_1333154_1333154.next_page=/wc/fichaDiputado?idDiputado=47&idLegislatura=14
Javiermerinomartínez,Javier  Merino Martínez, Javier  ,Merino Martínez,PP,GPP ,GP. Popular en el congreso,M,http://www.congreso.es/portal/page/portal/Congreso/Congreso/Diputados/BusqForm?_piref73_1333155_73_1333154_1333154.next_page=/wc/fichaDiputado?idDiputado=138&idLegislatura=14
Javiersánchezserna,Javier  Sánchez Serna, Javier  ,Sánchez Serna,UP/GCUP-EC-GC,GPCUP-CP-GC,GP. Confederal De Unidas Podemos-En Comú Podem-Galicia En Común,M,http://www.congreso.es/portal/page/portal/Congreso/Congreso/Diputados/BusqForm?_piref73_1333155_73_1333154_1333154.next_page=/wc/fichaDiputado?idDiputado=67&idLegislatura=14
Jesúspostigoquintana,Jesús  Postigo Quintana, Jesús  ,Postigo Quintana,pp,GPP ,GP. Popular en el congreso,M,http://www.congreso.es/portal/page/portal/Congreso/Congreso/Diputados/BusqForm?_piref73_1333155_73_1333154_1333154.next_page=/wc/fichaDiputado?idDiputado=51&idLegislatura=14
Joanbaldovíroda,Joan  Baldoví Roda, Joan  ,Baldoví Roda,Més Compromís/Plural,GPPlu ,GP. Plural,M,http://www.congreso.es/portal/page/portal/Congreso/Congreso/Diputados/BusqForm?_piref73_1333155_73_1333154_1333154.next_page=/wc/fichaDiputado?idDiputado=247&idLegislatura=14
Joancapdevilaiesteve,Joan  Capdevila I Esteve, Joan  ,Capdevila i Esteve,ERC-S,GPR ,GP. Republicano,M,http://www.congreso.es/portal/page/portal/Congreso/Congreso/Diputados/BusqForm?_piref73_1333155_73_1333154_1333154.next_page=/wc/fichaDiputado?idDiputado=172&idLegislatura=14
Joanmargallsastre,Joan  Margall Sastre, Joan  ,Margall Sastre,ERC-S,GPR ,GP. Republicano,M,http://www.congreso.es/portal/page/portal/Congreso/Congreso/Diputados/BusqForm?_piref73_1333155_73_1333154_1333154.next_page=/wc/fichaDiputado?idDiputado=193&idLegislatura=14
Joanmiquelmenaarca,Joan  Mena Arca, Joan  ,Mena Arca,ECP-GUAYEM EL CANVI/GCPU-EC-GC,GPCUP-CP-GC,GP. Confederal De Unidas Podemos-En Comú Podem-Galicia En Común,M,http://www.congreso.es/portal/page/portal/Congreso/Congreso/Diputados/BusqForm?_piref73_1333155_73_1333154_1333154.next_page=/wc/fichaDiputado?idDiputado=264&idLegislatura=14
Joanruizicarbonell,Joan  Ruiz I Carbonell, Joan  ,Ruiz i Carbonell,PSOE,GPS ,GP. Socialista,M,http://www.congreso.es/portal/page/portal/Congreso/Congreso/Diputados/BusqForm?_piref73_1333155_73_1333154_1333154.next_page=/wc/fichaDiputado?idDiputado=209&idLegislatura=14
Joaquínmaríagarcíadíez,Joaquín María  García Díez, Joaquín María  ,García Díez,PP,GPP ,GP. Popular en el congreso,M,http://www.congreso.es/portal/page/portal/Congreso/Congreso/Diputados/BusqForm?_piref73_1333155_73_1333154_1333154.next_page=/wc/fichaDiputado?idDiputado=11&idLegislatura=14
Joaquínrobleslópez,Joaquín  Robles López, Joaquín  ,Robles López,VOX,GPVOX ,GP. VOX,M,http://www.congreso.es/portal/page/portal/Congreso/Congreso/Diputados/BusqForm?_piref73_1333155_73_1333154_1333154.next_page=/wc/fichaDiputado?idDiputado=246&idLegislatura=14
Joniñarritugarcía,Jon  Iñarritu García, Jon  ,Iñarritu García,EH Bildu,GPEHB,GP. Euskal Herria Bildu,M,http://www.congreso.es/portal/page/portal/Congreso/Congreso/Diputados/BusqForm?_piref73_1333155_73_1333154_1333154.next_page=/wc/fichaDiputado?idDiputado=62&idLegislatura=14
Jordisalvadoriduch,Jordi  Salvador I Duch, Jordi  ,Salvador i Duch,ERC-S,GPR ,GP. Republicano,M,http://www.congreso.es/portal/page/portal/Congreso/Congreso/Diputados/BusqForm?_piref73_1333155_73_1333154_1333154.next_page=/wc/fichaDiputado?idDiputado=184&idLegislatura=14
Joséalbertoherrerobono,José Alberto  Herrero Bono, José Alberto  ,Herrero Bono,PP,GPP ,GP. Popular en el congreso,M,http://www.congreso.es/portal/page/portal/Congreso/Congreso/Diputados/BusqForm?_piref73_1333155_73_1333154_1333154.next_page=/wc/fichaDiputado?idDiputado=239&idLegislatura=14
Joséángelalonsopérez,José Ángel  Alonso Pérez, José Ángel  ,Alonso Pérez,PP,GPP ,GP. Popular en el congreso,M,http://www.congreso.es/portal/page/portal/Congreso/Congreso/Diputados/BusqForm?_piref73_1333155_73_1333154_1333154.next_page=/wc/fichaDiputado?idDiputado=244&idLegislatura=14
Joséantoniobermúdezdecastrofernández,José Antonio  Bermúdez De Castro Fernández, José Antonio  ,Bermúdez de Castro Fernández,PP,GPP ,GP. Popular en el congreso,M,http://www.congreso.es/portal/page/portal/Congreso/Congreso/Diputados/BusqForm?_piref73_1333155_73_1333154_1333154.next_page=/wc/fichaDiputado?idDiputado=181&idLegislatura=14
Joséantoniorodríguezsalas,José Antonio  Rodríguez Salas, José Antonio  ,Rodríguez Salas,PSOE,GPS ,GP. Socialista,M,http://www.congreso.es/portal/page/portal/Congreso/Congreso/Diputados/BusqForm?_piref73_1333155_73_1333154_1333154.next_page=/wc/fichaDiputado?idDiputado=6&idLegislatura=14
Josebaandoniagirretxeaurresti,Joseba Andoni  Agirretxea Urresti, Joseba Andoni  ,Agirretxea Urresti,EAJ-PNV,GPV (EAJ-PNV),GP. Vasco (EAJ-PNV),M,http://www.congreso.es/portal/page/portal/Congreso/Congreso/Diputados/BusqForm?_piref73_1333155_73_1333154_1333154.next_page=/wc/fichaDiputado?idDiputado=99&idLegislatura=14
Josécarlosdíazrodríguez,José Carlos Díaz Rodríguez,José,Carlos Díaz Rodríguez   ,PSOE,GPS ,GP. Socialista,M,#N/A
Josécarlosduránperalta,José Carlos  Durán Peralta, José Carlos  ,Durán Peralta,PSOE,GPS ,GP. Socialista,M,http://www.congreso.es/portal/page/portal/Congreso/Congreso/Diputados/BusqForm?_piref73_1333155_73_1333154_1333154.next_page=/wc/fichaDiputado?idDiputado=342&idLegislatura=14
Josefaandrésbarea,Josefa  Andrés Barea, Josefa  ,Andrés Barea,PSOE,GPS ,GP. Socialista,F,http://www.congreso.es/portal/page/portal/Congreso/Congreso/Diputados/BusqForm?_piref73_1333155_73_1333154_1333154.next_page=/wc/fichaDiputado?idDiputado=66&idLegislatura=14
Joséfranciscoduquemorán,José Francisco Duque Morán,José,Francisco Duque Morán   ,PSOE,GPS ,GP. Socialista,M,#N/A
Joséignacioechánizsalgado,José Ignacio  Echániz Salgado, José Ignacio  ,Echániz Salgado,PP,GPP ,GP. Popular en el congreso,M,http://www.congreso.es/portal/page/portal/Congreso/Congreso/Diputados/BusqForm?_piref73_1333155_73_1333154_1333154.next_page=/wc/fichaDiputado?idDiputado=89&idLegislatura=14
Joséignacioromanícantera,José Ignacio Romaní Cantera,José,Ignacio Romaní Cantera   ,PP,GPP,GP. Popular en el congreso,M,#N/A
Josélosadafernández,José  Losada Fernández, José  ,Losada Fernández,PSOE,GPS ,GP. Socialista,M,http://www.congreso.es/portal/page/portal/Congreso/Congreso/Diputados/BusqForm?_piref73_1333155_73_1333154_1333154.next_page=/wc/fichaDiputado?idDiputado=353&idLegislatura=14
JoséLuisacevesgalindo,José Luis  Aceves Galindo, José Luis  ,Aceves Galindo,PSOE,GPS ,GP. Socialista,M,http://www.congreso.es/portal/page/portal/Congreso/Congreso/Diputados/BusqForm?_piref73_1333155_73_1333154_1333154.next_page=/wc/fichaDiputado?idDiputado=56&idLegislatura=14
Joséluisbuenopinto,José Luis Bueno Pinto,José,Luis Bueno Pinto   ,UP/GCUP-EC-GC,GCUP-EC-GC,GP. Confederal De Unidas Podemos-En Comú Podem-Galicia En Común,M,#N/A
Joséluisramosrodríguez,José Luis  Ramos Rodríguez, José Luis  ,Ramos Rodríguez,PSOE,GPS ,GP. Socialista,M,http://www.congreso.es/portal/page/portal/Congreso/Congreso/Diputados/BusqForm?_piref73_1333155_73_1333154_1333154.next_page=/wc/fichaDiputado?idDiputado=218&idLegislatura=14
Josémaríaespejo-Saavedraconesa,José María  Espejo-Saavedra Conesa, José María  ,Espejo-Saavedra Conesa,Cs,GPCs ,GP. Ciudadanos,M,http://www.congreso.es/portal/page/portal/Congreso/Congreso/Diputados/BusqForm?_piref73_1333155_73_1333154_1333154.next_page=/wc/fichaDiputado?idDiputado=257&idLegislatura=14
Josémaríafigaredoálvarez-Sala,José María  Figaredo Álvarez-Sala, José María  ,Figaredo Álvarez-Sala,VOX,GPVOX ,GP. VOX,M,http://www.congreso.es/portal/page/portal/Congreso/Congreso/Diputados/BusqForm?_piref73_1333155_73_1333154_1333154.next_page=/wc/fichaDiputado?idDiputado=318&idLegislatura=14
Josémaríamazónramos,José María  Mazón Ramos, José María  ,Mazón Ramos,PRC/Mx,GPMX,GP. Mixto,M,http://www.congreso.es/portal/page/portal/Congreso/Congreso/Diputados/BusqForm?_piref73_1333155_73_1333154_1333154.next_page=/wc/fichaDiputado?idDiputado=349&idLegislatura=14
Josémaríasánchezgarcía,José María  Sánchez García, José María  ,Sánchez García,VOX,GPVOX ,GP. VOX,M,http://www.congreso.es/portal/page/portal/Congreso/Congreso/Diputados/BusqForm?_piref73_1333155_73_1333154_1333154.next_page=/wc/fichaDiputado?idDiputado=322&idLegislatura=14
Joséortizgalván,José  Ortiz Galván, José  ,Ortiz Galván,PP,GPP ,GP. Popular en el congreso,M,http://www.congreso.es/portal/page/portal/Congreso/Congreso/Diputados/BusqForm?_piref73_1333155_73_1333154_1333154.next_page=/wc/fichaDiputado?idDiputado=134&idLegislatura=14
Joseppagèsimassó,Josep Pagès I Massó,Josep,Pagès I Massó   ,JxCat-JUNTS/Plural,GPPlu ,GP. Plural,M,#N/A
Joséramírezdelrío,José  Ramírez Del Río, José  ,Ramírez del Río,VOX,GPVOX ,GP. VOX,M,http://www.congreso.es/portal/page/portal/Congreso/Congreso/Diputados/BusqForm?_piref73_1333155_73_1333154_1333154.next_page=/wc/fichaDiputado?idDiputado=93&idLegislatura=14
Joséramónortegadomínguez,José Ramón  Ortega Domínguez, José Ramón  ,Ortega Domínguez,PSOE,GPS ,GP. Socialista,M,http://www.congreso.es/portal/page/portal/Congreso/Congreso/Diputados/BusqForm?_piref73_1333155_73_1333154_1333154.next_page=/wc/fichaDiputado?idDiputado=368&idLegislatura=14
Josézaragozaalonso,José  Zaragoza Alonso, José  ,Zaragoza Alonso,PSOE,GPS ,GP. Socialista,M,http://www.congreso.es/portal/page/portal/Congreso/Congreso/Diputados/BusqForm?_piref73_1333155_73_1333154_1333154.next_page=/wc/fichaDiputado?idDiputado=196&idLegislatura=14
Josunegorospeelezcano,Josune  Gorospe Elezcano, Josune  ,Gorospe Elezcano,EAJ-PNV,GPV (EAJ-PNV),GP. Vasco (EAJ-PNV),F,http://www.congreso.es/portal/page/portal/Congreso/Congreso/Diputados/BusqForm?_piref73_1333155_73_1333154_1333154.next_page=/wc/fichaDiputado?idDiputado=96&idLegislatura=14
Juanantoniocallejascano,Juan Antonio  Callejas Cano, Juan Antonio  ,Callejas Cano,PP,GPP ,GP. Popular en el congreso,M,http://www.congreso.es/portal/page/portal/Congreso/Congreso/Diputados/BusqForm?_piref73_1333155_73_1333154_1333154.next_page=/wc/fichaDiputado?idDiputado=35&idLegislatura=14
Juanantoniolópezdeuraldegarmendia,Juan Antonio  López De Uralde Garmendia, Juan Antonio  ,López de Uralde Garmendia,UP/GCUP-EC-GC,GPCUP-CP-GC,GP. Confederal De Unidas Podemos-En Comú Podem-Galicia En Común,M,http://www.congreso.es/portal/page/portal/Congreso/Congreso/Diputados/BusqForm?_piref73_1333155_73_1333154_1333154.next_page=/wc/fichaDiputado?idDiputado=205&idLegislatura=14
Juancarlossegurajust,Juan Carlos Segura Just,Juan,Carlos Segura Just   ,VOX,GPVOX ,GP. VOX,M,#N/A
Juancuatrecasasasua,Juan  Cuatrecasas Asua, Juan  ,Cuatrecasas Asua,PSOE,GPS ,GP. Socialista,M,http://www.congreso.es/portal/page/portal/Congreso/Congreso/Diputados/BusqForm?_piref73_1333155_73_1333154_1333154.next_page=/wc/fichaDiputado?idDiputado=303&idLegislatura=14
Juandiegorequenaruiz,Juan Diego  Requena Ruiz, Juan Diego  ,Requena Ruiz,PP,GPP ,GP. Popular en el congreso,M,http://www.congreso.es/portal/page/portal/Congreso/Congreso/Diputados/BusqForm?_piref73_1333155_73_1333154_1333154.next_page=/wc/fichaDiputado?idDiputado=79&idLegislatura=14
Juanfranciscoserranomartínez,Juan Francisco  Serrano Martínez, Juan Francisco  ,Serrano Martínez,PSOE,GPS ,GP. Socialista,M,http://www.congreso.es/portal/page/portal/Congreso/Congreso/Diputados/BusqForm?_piref73_1333155_73_1333154_1333154.next_page=/wc/fichaDiputado?idDiputado=158&idLegislatura=14
Juanignaciolopez-Basvalero,Juan Ignacio Lopez-Bas Valero,Juan,Ignacio Lopez-Bas Valero   ,Cs,GPCs ,GP. Ciudadanos,M,#N/A
Juanjoséaizcorbetorra,Juan José  Aizcorbe Torra, Juan José  ,Aizcorbe Torra,VOX,GPVOX ,GP. VOX,M,http://www.congreso.es/portal/page/portal/Congreso/Congreso/Diputados/BusqForm?_piref73_1333155_73_1333154_1333154.next_page=/wc/fichaDiputado?idDiputado=151&idLegislatura=14
Juanjosématarísáez,Juan José  Matarí Sáez, Juan José  ,Matarí Sáez,PP,GPP ,GP. Popular en el congreso,M,http://www.congreso.es/portal/page/portal/Congreso/Congreso/Diputados/BusqForm?_piref73_1333155_73_1333154_1333154.next_page=/wc/fichaDiputado?idDiputado=48&idLegislatura=14
Juanluispedreñomolina,Juan Luis  Pedreño Molina, Juan Luis  ,Pedreño Molina,PP,GPP ,GP. Popular en el congreso,M,http://www.congreso.es/portal/page/portal/Congreso/Congreso/Diputados/BusqForm?_piref73_1333155_73_1333154_1333154.next_page=/wc/fichaDiputado?idDiputado=132&idLegislatura=14
Juanluissotoburillo,Juan Luis  Soto Burillo, Juan Luis  ,Soto Burillo,PSOE,GPS ,GP. Socialista,M,http://www.congreso.es/portal/page/portal/Congreso/Congreso/Diputados/BusqForm?_piref73_1333155_73_1333154_1333154.next_page=/wc/fichaDiputado?idDiputado=275&idLegislatura=14
Juanluissteegmannolmedillas,Juan Luis  Steegmann Olmedillas, Juan Luis  ,Steegmann Olmedillas,VOX,GPVOX ,GP. VOX,M,http://www.congreso.es/portal/page/portal/Congreso/Congreso/Diputados/BusqForm?_piref73_1333155_73_1333154_1333154.next_page=/wc/fichaDiputado?idDiputado=135&idLegislatura=14
Juliodelvalledeiscar,Julio  Del Valle De Iscar, Julio  ,Del Valle de Iscar,PP,GPS ,GP. Socialista,M,http://www.congreso.es/portal/page/portal/Congreso/Congreso/Diputados/BusqForm?_piref73_1333155_73_1333154_1333154.next_page=/wc/fichaDiputado?idDiputado=360&idLegislatura=14
Juliodelvalleiscar,Julio Del Valle Iscar,Julio,Del Valle Iscar   ,PSOE,GPS ,GP. Socialista,M,#N/A
Julionavalpotrogómez,Julio  Navalpotro Gómez, Julio  ,Navalpotro Gómez,PSOE,GPS ,GP. Socialista,M,http://www.congreso.es/portal/page/portal/Congreso/Congreso/Diputados/BusqForm?_piref73_1333155_73_1333154_1333154.next_page=/wc/fichaDiputado?idDiputado=366&idLegislatura=14
Julioutrillacano,Julio  Utrilla Cano, Julio  ,Utrilla Cano,VOX,GPVOX ,GP. VOX,M,http://www.congreso.es/portal/page/portal/Congreso/Congreso/Diputados/BusqForm?_piref73_1333155_73_1333154_1333154.next_page=/wc/fichaDiputado?idDiputado=328&idLegislatura=14
Lauralópezdomínguez,Laura  López Domínguez, Laura  ,López Domínguez,ECP-GUAYEM EL CANVI/GCPU-EC-GC,GPCUP-CP-GC,GP. Confederal De Unidas Podemos-En Comú Podem-Galicia En Común,F,http://www.congreso.es/portal/page/portal/Congreso/Congreso/Diputados/BusqForm?_piref73_1333155_73_1333154_1333154.next_page=/wc/fichaDiputado?idDiputado=263&idLegislatura=14
Laurasaragimenezgimenez,Laura Sara Gimenez Gimenez ,Laura,Sara Gimenez Gimenez    ,Cs,GPCs ,GP. Ciudadanos,F,#N/A
Lázaroazorínsalar,Lázaro  Azorín Salar, Lázaro  ,Azorín Salar,PSOE,GPS ,GP. Socialista,M,http://www.congreso.es/portal/page/portal/Congreso/Congreso/Diputados/BusqForm?_piref73_1333155_73_1333154_1333154.next_page=/wc/fichaDiputado?idDiputado=371&idLegislatura=14
Lídiaguinartmoreno,Lídia  Guinart Moreno, Lídia  ,Guinart Moreno,PSOE,GPS ,GP. Socialista,F,http://www.congreso.es/portal/page/portal/Congreso/Congreso/Diputados/BusqForm?_piref73_1333155_73_1333154_1333154.next_page=/wc/fichaDiputado?idDiputado=202&idLegislatura=14
Lourdesméndezmonasterio,Lourdes  Méndez Monasterio, Lourdes  ,Méndez Monasterio,VOX,GPVOX ,GP. VOX,F,http://www.congreso.es/portal/page/portal/Congreso/Congreso/Diputados/BusqForm?_piref73_1333155_73_1333154_1333154.next_page=/wc/fichaDiputado?idDiputado=177&idLegislatura=14
Lucandredioufdioh,Luc Andre  Diouf Dioh, Luc Andre  ,Diouf Dioh,PSOE,GPS ,GP. Socialista,M,http://www.congreso.es/portal/page/portal/Congreso/Congreso/Diputados/BusqForm?_piref73_1333155_73_1333154_1333154.next_page=/wc/fichaDiputado?idDiputado=221&idLegislatura=14
Lucíamuñozdalda,Lucía  Muñoz Dalda, Lucía  ,Muñoz Dalda,UP/GCUP-EC-GC,GPCUP-CP-GC,GP. Confederal De Unidas Podemos-En Comú Podem-Galicia En Común,F,http://www.congreso.es/portal/page/portal/Congreso/Congreso/Diputados/BusqForm?_piref73_1333155_73_1333154_1333154.next_page=/wc/fichaDiputado?idDiputado=335&idLegislatura=14
Luiscarlossahuquillogarcía,Luis Carlos  Sahuquillo García, Luis Carlos  ,Sahuquillo García,PSOE,GPS ,GP. Socialista,M,http://www.congreso.es/portal/page/portal/Congreso/Congreso/Diputados/BusqForm?_piref73_1333155_73_1333154_1333154.next_page=/wc/fichaDiputado?idDiputado=2&idLegislatura=14
Luisgestosodemiguel,Luis  Gestoso De Miguel, Luis  ,Gestoso de Miguel,VOX,GPVOX ,GP. VOX,M,http://www.congreso.es/portal/page/portal/Congreso/Congreso/Diputados/BusqForm?_piref73_1333155_73_1333154_1333154.next_page=/wc/fichaDiputado?idDiputado=131&idLegislatura=14
Luissantamaríaruiz,Luis  Santamaría Ruiz, Luis  ,Santamaría Ruiz,PP,GPP ,GP. Popular en el congreso,M,http://www.congreso.es/portal/page/portal/Congreso/Congreso/Diputados/BusqForm?_piref73_1333155_73_1333154_1333154.next_page=/wc/fichaDiputado?idDiputado=269&idLegislatura=14
Macarenamontesinosdemiguel,Macarena  Montesinos De Miguel, Macarena  ,Montesinos de Miguel,PP,GPP ,GP. Popular en el congreso,F,http://www.congreso.es/portal/page/portal/Congreso/Congreso/Diputados/BusqForm?_piref73_1333155_73_1333154_1333154.next_page=/wc/fichaDiputado?idDiputado=346&idLegislatura=14
Manuelarribasmaroto,Manuel  Arribas Maroto, Manuel  ,Arribas Maroto,PSOE,GPS ,GP. Socialista,M,http://www.congreso.es/portal/page/portal/Congreso/Congreso/Diputados/BusqForm?_piref73_1333155_73_1333154_1333154.next_page=/wc/fichaDiputado?idDiputado=369&idLegislatura=14
Manuelmariscalzabala,Manuel  Mariscal Zabala, Manuel  ,Mariscal Zabala,VOX,GPVOX ,GP. VOX,M,http://www.congreso.es/portal/page/portal/Congreso/Congreso/Diputados/BusqForm?_piref73_1333155_73_1333154_1333154.next_page=/wc/fichaDiputado?idDiputado=153&idLegislatura=14
Manuelmestrebarea,Manuel  Mestre Barea, Manuel  ,Mestre Barea,VOX,GPVOX ,GP. VOX,M,http://www.congreso.es/portal/page/portal/Congreso/Congreso/Diputados/BusqForm?_piref73_1333155_73_1333154_1333154.next_page=/wc/fichaDiputado?idDiputado=268&idLegislatura=14
Marclamuàestañol,Marc  Lamuà Estañol, Marc  ,Lamuà Estañol,PSOE,GPS ,GP. Socialista,M,http://www.congreso.es/portal/page/portal/Congreso/Congreso/Diputados/BusqForm?_piref73_1333155_73_1333154_1333154.next_page=/wc/fichaDiputado?idDiputado=200&idLegislatura=14
Margaritaprohensrigo,Margarita  Prohens Rigo, Margarita  ,Prohens Rigo,PP,GPP ,GP. Popular en el congreso,F,http://www.congreso.es/portal/page/portal/Congreso/Congreso/Diputados/BusqForm?_piref73_1333155_73_1333154_1333154.next_page=/wc/fichaDiputado?idDiputado=243&idLegislatura=14
Maríaángelesmarradomínguez,María Ángeles  Marra Domínguez, María Ángeles  ,Marra Domínguez,PSOE,GPS ,GP. Socialista,F,http://www.congreso.es/portal/page/portal/Congreso/Congreso/Diputados/BusqForm?_piref73_1333155_73_1333154_1333154.next_page=/wc/fichaDiputado?idDiputado=46&idLegislatura=14
Maríaauxiliadorapérezdíaz,María Auxiliadora  Pérez Díaz, María Auxiliadora  ,Pérez Díaz,PP,GPP ,GP. Popular en el congreso,F,http://www.congreso.es/portal/page/portal/Congreso/Congreso/Diputados/BusqForm?_piref73_1333155_73_1333154_1333154.next_page=/wc/fichaDiputado?idDiputado=160&idLegislatura=14
Maríacarvalhodantas,María  Carvalho Dantas, María  ,Carvalho Dantas,ERC-S,GPR ,GP. Republicano,F,http://www.congreso.es/portal/page/portal/Congreso/Congreso/Diputados/BusqForm?_piref73_1333155_73_1333154_1333154.next_page=/wc/fichaDiputado?idDiputado=190&idLegislatura=14
Maríadelacabezaruizsolás,María De La Cabeza  Ruiz Solás, María de la Cabeza  ,Ruiz Solás,VOX,GPVOX ,GP. VOX,F,http://www.congreso.es/portal/page/portal/Congreso/Congreso/Diputados/BusqForm?_piref73_1333155_73_1333154_1333154.next_page=/wc/fichaDiputado?idDiputado=301&idLegislatura=14
Maríadelaoredondocalvillo,María De La O  Redondo Calvillo, María de la O  ,Redondo Calvillo,PP,GPP ,GP. Popular en el congreso,F,http://www.congreso.es/portal/page/portal/Congreso/Congreso/Diputados/BusqForm?_piref73_1333155_73_1333154_1333154.next_page=/wc/fichaDiputado?idDiputado=106&idLegislatura=14
Maríadelcarmengonzálezguinda,María Del Carmen  González Guinda, María del Carmen  ,González Guinda,PP,GPP ,GP. Popular en el congreso,F,http://www.congreso.es/portal/page/portal/Congreso/Congreso/Diputados/BusqForm?_piref73_1333155_73_1333154_1333154.next_page=/wc/fichaDiputado?idDiputado=288&idLegislatura=14
Maríadelcarmenpitacárdenes,María Del Carmen  Pita Cárdenes, María del Carmen  ,Pita Cárdenes,UP/Mx,GPCUP-CP-GC,GP. Confederal De Unidas Podemos-En Comú Podem-Galicia En Común,F,http://www.congreso.es/portal/page/portal/Congreso/Congreso/Diputados/BusqForm?_piref73_1333155_73_1333154_1333154.next_page=/wc/fichaDiputado?idDiputado=356&idLegislatura=14
Maríadelmargarcíapuig,María Del Mar  García Puig, María del Mar  ,García Puig,ECP-GUAYEM EL CANVI/GCPU-EC-GC,GPCUP-CP-GC,GP. Confederal De Unidas Podemos-En Comú Podem-Galicia En Común,F,http://www.congreso.es/portal/page/portal/Congreso/Congreso/Diputados/BusqForm?_piref73_1333155_73_1333154_1333154.next_page=/wc/fichaDiputado?idDiputado=265&idLegislatura=14
Mariadelosllanosdelunatobarra,Maria De Los Llanos De Luna Tobarra ,Maria,De Los Llanos De Luna Tobarra ,PP,GPP,GP. Popular en el congreso,F,#N/A
Maríadelosreyesromerovilches,María De Los Reyes  Romero Vilches, María de los Reyes  ,Romero Vilches,VOX,GPVOX ,GP. VOX,F,http://www.congreso.es/portal/page/portal/Congreso/Congreso/Diputados/BusqForm?_piref73_1333155_73_1333154_1333154.next_page=/wc/fichaDiputado?idDiputado=174&idLegislatura=14
Maríadelpilarrodríguezgómez,María Del Pilar  Rodríguez Gómez, María del Pilar  ,Rodríguez Gómez,PSOE,GPS ,GP. Socialista,F,http://www.congreso.es/portal/page/portal/Congreso/Congreso/Diputados/BusqForm?_piref73_1333155_73_1333154_1333154.next_page=/wc/fichaDiputado?idDiputado=273&idLegislatura=14
Maríadoloresmarcosmoyano,María Dolores Marcos Moyano,María,Dolores Marcos Moyano   ,PP,GPP,GP. Popular en el congreso,F,#N/A
Maríadoloresnarváezbandera,María Dolores  Narváez Bandera, María Dolores  ,Narváez Bandera,PSOE,GPS ,GP. Socialista,F,http://www.congreso.es/portal/page/portal/Congreso/Congreso/Diputados/BusqForm?_piref73_1333155_73_1333154_1333154.next_page=/wc/fichaDiputado?idDiputado=154&idLegislatura=14
Maríaelvirarodríguezherrer,María Elvira  Rodríguez Herrer, María Elvira  ,Rodríguez Herrer,PP,GPP ,GP. Popular en el congreso,F,http://www.congreso.es/portal/page/portal/Congreso/Congreso/Diputados/BusqForm?_piref73_1333155_73_1333154_1333154.next_page=/wc/fichaDiputado?idDiputado=123&idLegislatura=14
Maríafernándezpérez,María Fernández Pérez,María,Fernández Pérez    ,Mx,GPMX,GP. Mixto,F,#N/A
Maríagloriaelizoserrano,María Gloria  Elizo Serrano, María Gloria  ,Elizo Serrano,UP/GCUP-EC-GC,GPCUP-CP-GC,GP. Confederal De Unidas Podemos-En Comú Podem-Galicia En Común,F,http://www.congreso.es/portal/page/portal/Congreso/Congreso/Diputados/BusqForm?_piref73_1333155_73_1333154_1333154.next_page=/wc/fichaDiputado?idDiputado=300&idLegislatura=14
Maríaguijarroceballos,María  Guijarro Ceballos, María  ,Guijarro Ceballos,PSOE,GPS ,GP. Socialista,F,http://www.congreso.es/portal/page/portal/Congreso/Congreso/Diputados/BusqForm?_piref73_1333155_73_1333154_1333154.next_page=/wc/fichaDiputado?idDiputado=136&idLegislatura=14
Maríainmaculadaorialópez,María Inmaculada  Oria López, María Inmaculada  ,Oria López,PSOE,GPS ,GP. Socialista,F,http://www.congreso.es/portal/page/portal/Congreso/Congreso/Diputados/BusqForm?_piref73_1333155_73_1333154_1333154.next_page=/wc/fichaDiputado?idDiputado=370&idLegislatura=14
Maríaisauralealfernández,María Isaura Leal Fernández,María,Isaura Leal Fernández   ,PSOE,GPS ,GP. Socialista,F,#N/A
Maríajesúsmonterocuadrado,María Jesús  Montero Cuadrado, María Jesús  ,Montero Cuadrado,PSOE,GPS ,GP. Socialista,F,http://www.congreso.es/portal/page/portal/Congreso/Congreso/Diputados/BusqForm?_piref73_1333155_73_1333154_1333154.next_page=/wc/fichaDiputado?idDiputado=225&idLegislatura=14
Maríajesúsmoroalmaraz,María Jesús  Moro Almaraz, María Jesús  ,Moro Almaraz,PP,GPP ,GP. Popular en el congreso,F,http://www.congreso.es/portal/page/portal/Congreso/Congreso/Diputados/BusqForm?_piref73_1333155_73_1333154_1333154.next_page=/wc/fichaDiputado?idDiputado=91&idLegislatura=14
Maríaluisacarcedoroces,María Luisa  Carcedo Roces, María Luisa  ,Carcedo Roces,PSOE,GPS ,GP. Socialista,F,http://www.congreso.es/portal/page/portal/Congreso/Congreso/Diputados/BusqForm?_piref73_1333155_73_1333154_1333154.next_page=/wc/fichaDiputado?idDiputado=270&idLegislatura=14
Maríaluisafanecalópez,María Luisa  Faneca López, María Luisa  ,Faneca López,PSOE,GPS ,GP. Socialista,F,http://www.congreso.es/portal/page/portal/Congreso/Congreso/Diputados/BusqForm?_piref73_1333155_73_1333154_1333154.next_page=/wc/fichaDiputado?idDiputado=253&idLegislatura=14
Maríaluisagarcíagurrutxaga,María Luisa García Gurrutxaga,María,Luisa García Gurrutxaga   ,PSOE,GPS ,GP. Socialista,F,#N/A
Maríaluisavilchesruiz,María Luisa  Vilches Ruiz, María Luisa  ,Vilches Ruiz,PSOE,GPS ,GP. Socialista,F,http://www.congreso.es/portal/page/portal/Congreso/Congreso/Diputados/BusqForm?_piref73_1333155_73_1333154_1333154.next_page=/wc/fichaDiputado?idDiputado=332&idLegislatura=14
Maríaluzmartínezseijo,María Luz  Martínez Seijo, María Luz  ,Martínez Seijo,PSOE,GPS ,GP. Socialista,F,http://www.congreso.es/portal/page/portal/Congreso/Congreso/Diputados/BusqForm?_piref73_1333155_73_1333154_1333154.next_page=/wc/fichaDiputado?idDiputado=251&idLegislatura=14
Maríamagdalenanevadodelcampo,María Magdalena  Nevado Del Campo, María Magdalena  ,Nevado del Campo,VOX,GPVOX ,GP. VOX,F,http://www.congreso.es/portal/page/portal/Congreso/Congreso/Diputados/BusqForm?_piref73_1333155_73_1333154_1333154.next_page=/wc/fichaDiputado?idDiputado=293&idLegislatura=14
Maríamercedespérezmerino,María Mercedes Pérez Merino,María,Mercedes Pérez Merino   ,UP/GCUP-EC-GC,GCUP-EC-GC,GP. Confederal De Unidas Podemos-En Comú Podem-Galicia En Común,F,#N/A
Maríamercèpereaiconillas,María Mercè  Perea I Conillas, María Mercè  ,Perea i Conillas,PSOE,GPS ,GP. Socialista,F,http://www.congreso.es/portal/page/portal/Congreso/Congreso/Diputados/BusqForm?_piref73_1333155_73_1333154_1333154.next_page=/wc/fichaDiputado?idDiputado=203&idLegislatura=14
Maríamontserratgarcíachavarría,María Montserrat  García Chavarría, María Montserrat  ,García Chavarría,PSOE,GPS ,GP. Socialista,F,http://www.congreso.es/portal/page/portal/Congreso/Congreso/Diputados/BusqForm?_piref73_1333155_73_1333154_1333154.next_page=/wc/fichaDiputado?idDiputado=304&idLegislatura=14
Maríamuñozvidal,María  Muñoz Vidal, María  ,Muñoz Vidal,Cs,GPCs ,GP. Ciudadanos,F,http://www.congreso.es/portal/page/portal/Congreso/Congreso/Diputados/BusqForm?_piref73_1333155_73_1333154_1333154.next_page=/wc/fichaDiputado?idDiputado=333&idLegislatura=14
Marianadegraciacanalesduque,Mariana De Gracia  Canales Duque, Mariana de Gracia  ,Canales Duque,PSOE,GPS ,GP. Socialista,F,http://www.congreso.es/portal/page/portal/Congreso/Congreso/Diputados/BusqForm?_piref73_1333155_73_1333154_1333154.next_page=/wc/fichaDiputado?idDiputado=3&idLegislatura=14
Marianosánchezescobar,Mariano  Sánchez Escobar, Mariano  ,Sánchez Escobar,PSOE,GPS ,GP. Socialista,M,http://www.congreso.es/portal/page/portal/Congreso/Congreso/Diputados/BusqForm?_piref73_1333155_73_1333154_1333154.next_page=/wc/fichaDiputado?idDiputado=227&idLegislatura=14
Maríaolgaalonsosuárez,María Olga  Alonso Suárez, María Olga  ,Alonso Suárez,PSOE,GPS ,GP. Socialista,F,http://www.congreso.es/portal/page/portal/Congreso/Congreso/Diputados/BusqForm?_piref73_1333155_73_1333154_1333154.next_page=/wc/fichaDiputado?idDiputado=72&idLegislatura=14
Maríasandramoneodíez,María Sandra  Moneo Díez, María Sandra  ,Moneo Díez,PP,GPP ,GP. Popular en el congreso,F,http://www.congreso.es/portal/page/portal/Congreso/Congreso/Diputados/BusqForm?_piref73_1333155_73_1333154_1333154.next_page=/wc/fichaDiputado?idDiputado=337&idLegislatura=14
Maríasoledadcruz-Guzmángarcía,María Soledad  Cruz-Guzmán García, María Soledad  ,Cruz-Guzmán García,PP,GPP ,GP. Popular en el congreso,F,http://www.congreso.es/portal/page/portal/Congreso/Congreso/Diputados/BusqForm?_piref73_1333155_73_1333154_1333154.next_page=/wc/fichaDiputado?idDiputado=159&idLegislatura=14
Mariasoledadsanchezjodar,Maria Soledad Sanchez Jodar,María,Soledad Sanchez Jodar   ,PSOE,GPS ,GP. Socialista,F,#N/A
Maríatamararayarodríguez,María Tamara  Raya Rodríguez, María Tamara  ,Raya Rodríguez,PSOE,GPS ,GP. Socialista,F,http://www.congreso.es/portal/page/portal/Congreso/Congreso/Diputados/BusqForm?_piref73_1333155_73_1333154_1333154.next_page=/wc/fichaDiputado?idDiputado=112&idLegislatura=14
Maríateresaanguloromero,María Teresa  Angulo Romero, María Teresa  ,Angulo Romero,PP,GPP ,GP. Popular en el congreso,F,http://www.congreso.es/portal/page/portal/Congreso/Congreso/Diputados/BusqForm?_piref73_1333155_73_1333154_1333154.next_page=/wc/fichaDiputado?idDiputado=113&idLegislatura=14
Maríateresalópezálvarez,María Teresa  López Álvarez, María Teresa  ,López Álvarez,VOX,GPVOX ,GP. VOX,F,http://www.congreso.es/portal/page/portal/Congreso/Congreso/Diputados/BusqForm?_piref73_1333155_73_1333154_1333154.next_page=/wc/fichaDiputado?idDiputado=327&idLegislatura=14
Maribelgarcíalópez,Maribel  García López, Maribel  ,García López,PSOE,GPS ,GP. Socialista,F,http://www.congreso.es/portal/page/portal/Congreso/Congreso/Diputados/BusqForm?_piref73_1333155_73_1333154_1333154.next_page=/wc/fichaDiputado?idDiputado=39&idLegislatura=14
Mariocortéscarballo,Mario  Cortés Carballo, Mario  ,Cortés Carballo,PP,GPP ,GP. Popular en el congreso,M,http://www.congreso.es/portal/page/portal/Congreso/Congreso/Diputados/BusqForm?_piref73_1333155_73_1333154_1333154.next_page=/wc/fichaDiputado?idDiputado=317&idLegislatura=14
Mariogarcéssanagustín,Mario  Garcés Sanagustín, Mario  ,Garcés Sanagustín,PP,GPP ,GP. Popular en el congreso,M,http://www.congreso.es/portal/page/portal/Congreso/Congreso/Diputados/BusqForm?_piref73_1333155_73_1333154_1333154.next_page=/wc/fichaDiputado?idDiputado=219&idLegislatura=14
Marionaillamoladausà,Mariona  Illamola Dausà, Mariona  ,Illamola Dausà,JxCat-JUNTS/Plural,GPPlu ,GP. Plural,F,http://www.congreso.es/portal/page/portal/Congreso/Congreso/Diputados/BusqForm?_piref73_1333155_73_1333154_1333154.next_page=/wc/fichaDiputado?idDiputado=22&idLegislatura=14
Marisasaavedramuñoz,Marisa  Saavedra Muñoz, Marisa  ,Saavedra Muñoz,UP/GCUP-EC-GC,GPCUP-CP-GC,GP. Confederal De Unidas Podemos-En Comú Podem-Galicia En Común,F,http://www.congreso.es/portal/page/portal/Congreso/Congreso/Diputados/BusqForm?_piref73_1333155_73_1333154_1333154.next_page=/wc/fichaDiputado?idDiputado=348&idLegislatura=14
Martagonzálezvázquez,Marta  González Vázquez, Marta  ,González Vázquez,PP,GPP ,GP. Popular en el congreso,F,http://www.congreso.es/portal/page/portal/Congreso/Congreso/Diputados/BusqForm?_piref73_1333155_73_1333154_1333154.next_page=/wc/fichaDiputado?idDiputado=237&idLegislatura=14
Martarosiqueisaltor,Marta  Rosique I Saltor, Marta  ,Rosique i Saltor,ERC-S,GPR ,GP. Republicano,F,http://www.congreso.es/portal/page/portal/Congreso/Congreso/Diputados/BusqForm?_piref73_1333155_73_1333154_1333154.next_page=/wc/fichaDiputado?idDiputado=185&idLegislatura=14
Martinavelardegómez,Martina  Velarde Gómez, Martina  ,Velarde Gómez,UP/GCUP-EC-GC,GPCUP-CP-GC,GP. Confederal De Unidas Podemos-En Comú Podem-Galicia En Común,F,http://www.congreso.es/portal/page/portal/Congreso/Congreso/Diputados/BusqForm?_piref73_1333155_73_1333154_1333154.next_page=/wc/fichaDiputado?idDiputado=235&idLegislatura=14
Mdelcarmenmartinezgranados,M Del Carmen Martinez Granados ,María,Del Carmen Martinez Granados   ,Cs,GPCs ,GP. Ciudadanos,F,#N/A
Mercedesjaramoreno,Mercedes Jara Moreno,Mercedes,Jara Moreno    ,VOX,GPVOX ,GP. VOX,F,#N/A
Meritxellbatetlamaña,Meritxell  Batet Lamaña, Meritxell  ,Batet Lamaña,PSOE,GPS ,GP. Socialista,F,http://www.congreso.es/portal/page/portal/Congreso/Congreso/Diputados/BusqForm?_piref73_1333155_73_1333154_1333154.next_page=/wc/fichaDiputado?idDiputado=215&idLegislatura=14
Mertxeaizpuruaarzallus,Mertxe  Aizpurua Arzallus, Mertxe  ,Aizpurua Arzallus,EH Bildu,GPEHB,GP. Euskal Herria Bildu,F,http://www.congreso.es/portal/page/portal/Congreso/Congreso/Diputados/BusqForm?_piref73_1333155_73_1333154_1333154.next_page=/wc/fichaDiputado?idDiputado=69&idLegislatura=14
Miguelángelcastellónrubio,Miguel Ángel  Castellón Rubio, Miguel Ángel  ,Castellón Rubio,PP,GPP ,GP. Popular en el congreso,M,http://www.congreso.es/portal/page/portal/Congreso/Congreso/Diputados/BusqForm?_piref73_1333155_73_1333154_1333154.next_page=/wc/fichaDiputado?idDiputado=74&idLegislatura=14
Miguelangelgonzálezcaballero,Miguel Angel González Caballero ,Miguel,Angel González Caballero    ,PSOE,GPS ,GP. Socialista,M,#N/A
Miguelangelgutierrezvivas,Miguel Ángel Gutiérrez Vivas,Miguel Ángel,Gutiérrez Vivas,Cs,GPCs ,GP. Ciudadanos,M,http://www.congreso.es/portal/page/portal/Congreso/Congreso/Diputados/BusqForm?_piref73_1333155_73_1333154_1333154.next_page=/wc/fichaDiputado&idLegislatura=14&idDiputado=375
Miguelángeljerezjuan,Miguel Ángel  Jerez Juan, Miguel Ángel  ,Jerez Juan,PP,GPP ,GP. Popular en el congreso,M,http://www.congreso.es/portal/page/portal/Congreso/Congreso/Diputados/BusqForm?_piref73_1333155_73_1333154_1333154.next_page=/wc/fichaDiputado?idDiputado=124&idLegislatura=14
Miguelángelpaniaguanúñez,Miguel Ángel  Paniagua Núñez, Miguel Ángel  ,Paniagua Núñez,PP,GPP ,GP. Popular en el congreso,M,http://www.congreso.es/portal/page/portal/Congreso/Congreso/Diputados/BusqForm?_piref73_1333155_73_1333154_1333154.next_page=/wc/fichaDiputado?idDiputado=240&idLegislatura=14
Miguelángelquintanillanavarro,Miguel Ángel Quintanilla Navarro,Miguel,Ángel Quintanilla Navarro   ,PP,GPP,GP. Popular en el congreso,M,#N/A
Mikellegardauriarte,Mikel  Legarda Uriarte, Mikel  ,Legarda Uriarte,EAJ-PNV,GPV (EAJ-PNV),GP. Vasco (EAJ-PNV),M,http://www.congreso.es/portal/page/portal/Congreso/Congreso/Diputados/BusqForm?_piref73_1333155_73_1333154_1333154.next_page=/wc/fichaDiputado?idDiputado=95&idLegislatura=14
Milagrosmarcosortega,Milagros  Marcos Ortega, Milagros  ,Marcos Ortega,PP,GPP ,GP. Popular en el congreso,F,http://www.congreso.es/portal/page/portal/Congreso/Congreso/Diputados/BusqForm?_piref73_1333155_73_1333154_1333154.next_page=/wc/fichaDiputado?idDiputado=92&idLegislatura=14
Mireiaborráspabón,Mireia  Borrás Pabón, Mireia  ,Borrás Pabón,VOX,GPVOX ,GP. VOX,F,http://www.congreso.es/portal/page/portal/Congreso/Congreso/Diputados/BusqForm?_piref73_1333155_73_1333154_1333154.next_page=/wc/fichaDiputado?idDiputado=142&idLegislatura=14
Mireiavehícantenys,Mireia  Vehí Cantenys, Mireia  ,Vehí Cantenys,CUP-PR/Mx,GPMX,GP. Mixto,F,http://www.congreso.es/portal/page/portal/Congreso/Congreso/Diputados/BusqForm?_piref73_1333155_73_1333154_1333154.next_page=/wc/fichaDiputado?idDiputado=86&idLegislatura=14
Míriamnoguerasicamero,Míriam  Nogueras I Camero, Míriam  ,Nogueras i Camero,JxCat-JUNTS/Plural,GPPlu ,GP. Plural,F,http://www.congreso.es/portal/page/portal/Congreso/Congreso/Diputados/BusqForm?_piref73_1333155_73_1333154_1333154.next_page=/wc/fichaDiputado?idDiputado=27&idLegislatura=14
Montsemínguezgarcía,Montse  Mínguez García, Montse  ,Mínguez García,PSOE,GPS ,GP. Socialista,F,http://www.congreso.es/portal/page/portal/Congreso/Congreso/Diputados/BusqForm?_piref73_1333155_73_1333154_1333154.next_page=/wc/fichaDiputado?idDiputado=199&idLegislatura=14
Montserratbassacoll,Montserrat  Bassa Coll, Montserrat  ,Bassa Coll,ERC-S,GPR ,GP. Republicano,F,http://www.congreso.es/portal/page/portal/Congreso/Congreso/Diputados/BusqForm?_piref73_1333155_73_1333154_1333154.next_page=/wc/fichaDiputado?idDiputado=192&idLegislatura=14
Natividadgonzálezlaso,Natividad González Laso,Natividad,González Laso    ,PSOE,GPS ,GP. Socialista,F,#N/A
Néstorregocandamil,Néstor  Rego Candamil, Néstor  ,Rego Candamil,BNG/Plural,GPPlu ,GP. Plural,M,http://www.congreso.es/portal/page/portal/Congreso/Congreso/Diputados/BusqForm?_piref73_1333155_73_1333154_1333154.next_page=/wc/fichaDiputado?idDiputado=40&idLegislatura=14
Noemívillagrasaquero,Noemí  Villagrasa Quero, Noemí  ,Villagrasa Quero,PSOE,GPS ,GP. Socialista,F,http://www.congreso.es/portal/page/portal/Congreso/Congreso/Diputados/BusqForm?_piref73_1333155_73_1333154_1333154.next_page=/wc/fichaDiputado?idDiputado=49&idLegislatura=14
Normapujolifarré,Norma  Pujol I Farré, Norma  ,Pujol i Farré,ERC-S,GPR ,GP. Republicano,F,http://www.congreso.es/portal/page/portal/Congreso/Congreso/Diputados/BusqForm?_piref73_1333155_73_1333154_1333154.next_page=/wc/fichaDiputado?idDiputado=191&idLegislatura=14
Omaranguitapérez,Omar  Anguita Pérez, Omar  ,Anguita Pérez,PSOE,GPS ,GP. Socialista,M,http://www.congreso.es/portal/page/portal/Congreso/Congreso/Diputados/BusqForm?_piref73_1333155_73_1333154_1333154.next_page=/wc/fichaDiputado?idDiputado=354&idLegislatura=14
Onofremirallesmartín,Onofre Miralles Martín,Onofre,Miralles Martín    ,VOX,GPVOX ,GP. VOX,M,#N/A
Óscarclavelllópez,Óscar  Clavell López, Óscar  ,Clavell López,PP,GPP ,GP. Popular en el congreso,M,http://www.congreso.es/portal/page/portal/Congreso/Congreso/Diputados/BusqForm?_piref73_1333155_73_1333154_1333154.next_page=/wc/fichaDiputado?idDiputado=108&idLegislatura=14
Óscargamazomicó,Óscar  Gamazo Micó, Óscar  ,Gamazo Micó,PP,GPP ,GP. Popular en el congreso,M,http://www.congreso.es/portal/page/portal/Congreso/Congreso/Diputados/BusqForm?_piref73_1333155_73_1333154_1333154.next_page=/wc/fichaDiputado?idDiputado=212&idLegislatura=14
Oskarmatutegarcíadejalón,Oskar  Matute García De Jalón, Oskar  ,Matute García de Jalón,EH Bildu,GPEHB,GP. Euskal Herria Bildu,M,http://www.congreso.es/portal/page/portal/Congreso/Congreso/Diputados/BusqForm?_piref73_1333155_73_1333154_1333154.next_page=/wc/fichaDiputado?idDiputado=63&idLegislatura=14
Pablocambroneropiqueras,Pablo  Cambronero Piqueras, Pablo  ,Cambronero Piqueras,Mx,GPCs ,GP. Ciudadanos,M,http://www.congreso.es/portal/page/portal/Congreso/Congreso/Diputados/BusqForm?_piref73_1333155_73_1333154_1333154.next_page=/wc/fichaDiputado?idDiputado=58&idLegislatura=14
Pabloecheniquerobba,Pablo  Echenique Robba, Pablo  ,Echenique Robba,UP/GCUP-EC-GC,GPCUP-CP-GC,GP. Confederal De Unidas Podemos-En Comú Podem-Galicia En Común,M,http://www.congreso.es/portal/page/portal/Congreso/Congreso/Diputados/BusqForm?_piref73_1333155_73_1333154_1333154.next_page=/wc/fichaDiputado?idDiputado=13&idLegislatura=14
Pablohispániglesiasdeussel,Pablo  Hispán Iglesias De Ussel, Pablo  ,Hispán Iglesias de Ussel,PP,GPP ,GP. Popular en el congreso,M,http://www.congreso.es/portal/page/portal/Congreso/Congreso/Diputados/BusqForm?_piref73_1333155_73_1333154_1333154.next_page=/wc/fichaDiputado?idDiputado=309&idLegislatura=14
Pablojuancalvoliste,Pablo Juan  Calvo Liste, Pablo Juan  ,Calvo Liste,VOX,GPVOX ,GP. VOX,M,http://www.congreso.es/portal/page/portal/Congreso/Congreso/Diputados/BusqForm?_piref73_1333155_73_1333154_1333154.next_page=/wc/fichaDiputado?idDiputado=213&idLegislatura=14
Pablosáezalonso-Muñumer,Pablo  Sáez Alonso-Muñumer, Pablo  ,Sáez Alonso-Muñumer,VOX,GPVOX ,GP. VOX,M,http://www.congreso.es/portal/page/portal/Congreso/Congreso/Diputados/BusqForm?_piref73_1333155_73_1333154_1333154.next_page=/wc/fichaDiputado?idDiputado=278&idLegislatura=14
Palomagázquezcollado,Paloma  Gázquez Collado, Paloma  ,Gázquez Collado,PP,GPP ,GP. Popular en el congreso,F,http://www.congreso.es/portal/page/portal/Congreso/Congreso/Diputados/BusqForm?_piref73_1333155_73_1333154_1333154.next_page=/wc/fichaDiputado?idDiputado=279&idLegislatura=14
Patriciablanqueralcaraz,Patricia  Blanquer Alcaraz, Patricia  ,Blanquer Alcaraz,PSOE,GPS ,GP. Socialista,F,http://www.congreso.es/portal/page/portal/Congreso/Congreso/Diputados/BusqForm?_piref73_1333155_73_1333154_1333154.next_page=/wc/fichaDiputado?idDiputado=71&idLegislatura=14
Patriciadelasherasfernández,Patricia  De Las Heras Fernández, Patricia  ,De las Heras Fernández,VOX,GPVOX ,GP. VOX,F,http://www.congreso.es/portal/page/portal/Congreso/Congreso/Diputados/BusqForm?_piref73_1333155_73_1333154_1333154.next_page=/wc/fichaDiputado?idDiputado=248&idLegislatura=14
Patriciaruedaperelló,Patricia  Rueda Perelló, Patricia  ,Rueda Perelló,VOX,GPVOX ,GP. VOX,F,http://www.congreso.es/portal/page/portal/Congreso/Congreso/Diputados/BusqForm?_piref73_1333155_73_1333154_1333154.next_page=/wc/fichaDiputado?idDiputado=75&idLegislatura=14
Patxilópezálvarez,Patxi  López Álvarez, Patxi  ,López Álvarez,PSOE,GPS ,GP. Socialista,M,http://www.congreso.es/portal/page/portal/Congreso/Congreso/Diputados/BusqForm?_piref73_1333155_73_1333154_1333154.next_page=/wc/fichaDiputado?idDiputado=61&idLegislatura=14
Paumaríklose,Pau  Marí Klose, Pau  ,Marí Klose,PSOE,GPS ,GP. Socialista,M,http://www.congreso.es/portal/page/portal/Congreso/Congreso/Diputados/BusqForm?_piref73_1333155_73_1333154_1333154.next_page=/wc/fichaDiputado?idDiputado=73&idLegislatura=14
Pedroantoniohonrubiahurtado,Pedro Antonio  Honrubia Hurtado, Pedro Antonio  ,Honrubia Hurtado,UP/GCUP-EC-GC,GPCUP-CP-GC,GP. Confederal De Unidas Podemos-En Comú Podem-Galicia En Común,M,http://www.congreso.es/portal/page/portal/Congreso/Congreso/Diputados/BusqForm?_piref73_1333155_73_1333154_1333154.next_page=/wc/fichaDiputado?idDiputado=68&idLegislatura=14
Pedrocasareshontañón,Pedro  Casares Hontañón, Pedro  ,Casares Hontañón,PSOE,GPS ,GP. Socialista,M,http://www.congreso.es/portal/page/portal/Congreso/Congreso/Diputados/BusqForm?_piref73_1333155_73_1333154_1333154.next_page=/wc/fichaDiputado?idDiputado=347&idLegislatura=14
Pedrofernándezhernández,Pedro  Fernández Hernández, Pedro  ,Fernández Hernández,VOX,GPVOX ,GP. VOX,M,http://www.congreso.es/portal/page/portal/Congreso/Congreso/Diputados/BusqForm?_piref73_1333155_73_1333154_1333154.next_page=/wc/fichaDiputado?idDiputado=146&idLegislatura=14
Pedrojesúsrequejonovoa,Pedro Jesús  Requejo Novoa, Pedro Jesús  ,Requejo Novoa,VOX,GPVOX ,GP. VOX,M,http://www.congreso.es/portal/page/portal/Congreso/Congreso/Diputados/BusqForm?_piref73_1333155_73_1333154_1333154.next_page=/wc/fichaDiputado?idDiputado=85&idLegislatura=14
Pedronavarrolópez,Pedro  Navarro López, Pedro  ,Navarro López,PP,GPP ,GP. Popular en el congreso,M,http://www.congreso.es/portal/page/portal/Congreso/Congreso/Diputados/BusqForm?_piref73_1333155_73_1333154_1333154.next_page=/wc/fichaDiputado?idDiputado=220&idLegislatura=14
Pedrosánchezpérez-Castejón,Pedro  Sánchez Pérez-Castejón, Pedro  ,Sánchez Pérez-Castejón,PSOE,GPS ,GP. Socialista,M,http://www.congreso.es/portal/page/portal/Congreso/Congreso/Diputados/BusqForm?_piref73_1333155_73_1333154_1333154.next_page=/wc/fichaDiputado?idDiputado=274&idLegislatura=14
Percivalmanglanoalbacar,Percival Manglano Albacar,Percival,Manglano Albacar    ,PP,GPP,GP. Popular en el congreso,M,#N/A
Perejoanponssampietro,Pere Joan  Pons Sampietro, Pere Joan  ,Pons Sampietro,PSOE,GPS ,GP. Socialista,M,http://www.congreso.es/portal/page/portal/Congreso/Congreso/Diputados/BusqForm?_piref73_1333155_73_1333154_1333154.next_page=/wc/fichaDiputado?idDiputado=223&idLegislatura=14
Pilarcalvogómez,Pilar Calvo Gómez,Pilar,Calvo Gómez    ,JxCat-JUNTS/Plural,GPPlu ,GP. Plural,F,#N/A
Pilargarridogutiérrez,Pilar  Garrido Gutiérrez, Pilar  ,Garrido Gutiérrez,UP/GCUP-EC-GC,GPCUP-CP-GC,GP. Confederal De Unidas Podemos-En Comú Podem-Galicia En Común,F,http://www.congreso.es/portal/page/portal/Congreso/Congreso/Diputados/BusqForm?_piref73_1333155_73_1333154_1333154.next_page=/wc/fichaDiputado?idDiputado=210&idLegislatura=14
Pilarmarcosdomínguez,Pilar  Marcos Domínguez, Pilar  ,Marcos Domínguez,PP,GPP ,GP. Popular en el congreso,F,http://www.congreso.es/portal/page/portal/Congreso/Congreso/Diputados/BusqForm?_piref73_1333155_73_1333154_1333154.next_page=/wc/fichaDiputado?idDiputado=143&idLegislatura=14
Pilarvallugerabalañà,Pilar  Vallugera Balañà, Pilar  ,Vallugera Balañà,ERC-S,GPR ,GP. Republicano,F,http://www.congreso.es/portal/page/portal/Congreso/Congreso/Diputados/BusqForm?_piref73_1333155_73_1333154_1333154.next_page=/wc/fichaDiputado?idDiputado=88&idLegislatura=14
Rafaelacrespínrubio,Rafaela  Crespín Rubio, Rafaela  ,Crespín Rubio,PSOE,GPS ,GP. Socialista,F,http://www.congreso.es/portal/page/portal/Congreso/Congreso/Diputados/BusqForm?_piref73_1333155_73_1333154_1333154.next_page=/wc/fichaDiputado?idDiputado=107&idLegislatura=14
Rafaelfernández-Lomanagutiérrez,Rafael  Fernández-Lomana Gutiérrez, Rafael  ,Fernández-Lomana Gutiérrez,VOX,GPVOX ,GP. VOX,M,http://www.congreso.es/portal/page/portal/Congreso/Congreso/Diputados/BusqForm?_piref73_1333155_73_1333154_1333154.next_page=/wc/fichaDiputado?idDiputado=294&idLegislatura=14
Rafaeljosévélez,Rafael  José Vélez, Rafael  ,José Vélez,PSOE,GPS ,GP. Socialista,M,http://www.congreso.es/portal/page/portal/Congreso/Congreso/Diputados/BusqForm?_piref73_1333155_73_1333154_1333154.next_page=/wc/fichaDiputado?idDiputado=361&idLegislatura=14
Rafaelmayoralperales,Rafael  Mayoral Perales, Rafael  ,Mayoral Perales,UP/GCUP-EC-GC,GPCUP-CP-GC,GP. Confederal De Unidas Podemos-En Comú Podem-Galicia En Común,M,http://www.congreso.es/portal/page/portal/Congreso/Congreso/Diputados/BusqForm?_piref73_1333155_73_1333154_1333154.next_page=/wc/fichaDiputado?idDiputado=336&idLegislatura=14
Rafaelsimancassimancas,Rafael  Simancas Simancas, Rafael  ,Simancas Simancas,PSOE,GPS ,GP. Socialista,M,http://www.congreso.es/portal/page/portal/Congreso/Congreso/Diputados/BusqForm?_piref73_1333155_73_1333154_1333154.next_page=/wc/fichaDiputado?idDiputado=287&idLegislatura=14
Raquelpedrajasáinz,Raquel  Pedraja Sáinz, Raquel  ,Pedraja Sáinz,PSOE,GPS ,GP. Socialista,F,http://www.congreso.es/portal/page/portal/Congreso/Congreso/Diputados/BusqForm?_piref73_1333155_73_1333154_1333154.next_page=/wc/fichaDiputado?idDiputado=362&idLegislatura=14
Ricardochamorrodelmo,Ricardo  Chamorro Delmo, Ricardo  ,Chamorro Delmo,VOX,GPVOX ,GP. VOX,M,http://www.congreso.es/portal/page/portal/Congreso/Congreso/Diputados/BusqForm?_piref73_1333155_73_1333154_1333154.next_page=/wc/fichaDiputado?idDiputado=125&idLegislatura=14
Ricardotarnoblanco,Ricardo Tarno Blanco,Ricardo,Tarno Blanco    ,PP,GPP,GP. Popular en el congreso,M,#N/A
Robertogarcíamorís,Roberto  García Morís, Roberto  ,García Morís,PSOE,GPS ,GP. Socialista,M,http://www.congreso.es/portal/page/portal/Congreso/Congreso/Diputados/BusqForm?_piref73_1333155_73_1333154_1333154.next_page=/wc/fichaDiputado?idDiputado=231&idLegislatura=14
Robertouriartetorrealday,Roberto  Uriarte Torrealday, Roberto  ,Uriarte Torrealday,UP/GCUP-EC-GC,GPCUP-CP-GC,GP. Confederal De Unidas Podemos-En Comú Podem-Galicia En Común,M,http://www.congreso.es/portal/page/portal/Congreso/Congreso/Diputados/BusqForm?_piref73_1333155_73_1333154_1333154.next_page=/wc/fichaDiputado?idDiputado=207&idLegislatura=14
Rocíodemeerméndez,Rocío  De Meer Méndez, Rocío  ,De Meer Méndez,VOX,GPVOX ,GP. VOX,F,http://www.congreso.es/portal/page/portal/Congreso/Congreso/Diputados/BusqForm?_piref73_1333155_73_1333154_1333154.next_page=/wc/fichaDiputado?idDiputado=340&idLegislatura=14
Rodrigojiménezrevuelta,Rodrigo  Jiménez Revuelta, Rodrigo  ,Jiménez Revuelta,VOX,GPVOX ,GP. VOX,M,http://www.congreso.es/portal/page/portal/Congreso/Congreso/Diputados/BusqForm?_piref73_1333155_73_1333154_1333154.next_page=/wc/fichaDiputado?idDiputado=165&idLegislatura=14
Rosamaríamedelpérez,Rosa María  Medel Pérez, Rosa María  ,Medel Pérez,UP/GCUP-EC-GC,GPCUP-CP-GC,GP. Confederal De Unidas Podemos-En Comú Podem-Galicia En Común,F,http://www.congreso.es/portal/page/portal/Congreso/Congreso/Diputados/BusqForm?_piref73_1333155_73_1333154_1333154.next_page=/wc/fichaDiputado?idDiputado=355&idLegislatura=14
Rosamaríaromerosánchez,Rosa María  Romero Sánchez, Rosa María  ,Romero Sánchez,PP,GPP ,GP. Popular en el congreso,F,http://www.congreso.es/portal/page/portal/Congreso/Congreso/Diputados/BusqForm?_piref73_1333155_73_1333154_1333154.next_page=/wc/fichaDiputado?idDiputado=36&idLegislatura=14
Rosermaestromoliner,Roser  Maestro Moliner, Roser  ,Maestro Moliner,UP/GCUP-EC-GC,GPCUP-CP-GC,GP. Confederal De Unidas Podemos-En Comú Podem-Galicia En Común,F,http://www.congreso.es/portal/page/portal/Congreso/Congreso/Diputados/BusqForm?_piref73_1333155_73_1333154_1333154.next_page=/wc/fichaDiputado?idDiputado=282&idLegislatura=14
Rubéndaríovegaarias,Rubén Darío  Vega Arias, Rubén Darío  ,Vega Arias,VOX,GPVOX ,GP. VOX,M,http://www.congreso.es/portal/page/portal/Congreso/Congreso/Diputados/BusqForm?_piref73_1333155_73_1333154_1333154.next_page=/wc/fichaDiputado?idDiputado=271&idLegislatura=14
Rubénsilvanomansoolivar,Rubén Silvano  Manso Olivar, Rubén Silvano  ,Manso Olivar,VOX,GPVOX ,GP. VOX,M,http://www.congreso.es/portal/page/portal/Congreso/Congreso/Diputados/BusqForm?_piref73_1333155_73_1333154_1333154.next_page=/wc/fichaDiputado?idDiputado=119&idLegislatura=14
Sandraguaitaesteruelas,Sandra  Guaita Esteruelas, Sandra  ,Guaita Esteruelas,PSOE,GPS ,GP. Socialista,F,http://www.congreso.es/portal/page/portal/Congreso/Congreso/Diputados/BusqForm?_piref73_1333155_73_1333154_1333154.next_page=/wc/fichaDiputado?idDiputado=208&idLegislatura=14
Santiagoabascalconde,Santiago  Abascal Conde, Santiago  ,Abascal Conde,VOX,GPVOX ,GP. VOX,M,http://www.congreso.es/portal/page/portal/Congreso/Congreso/Diputados/BusqForm?_piref73_1333155_73_1333154_1333154.next_page=/wc/fichaDiputado?idDiputado=43&idLegislatura=14
Santoscerdánleón,Santos  Cerdán León, Santos  ,Cerdán León,PSOE,GPS ,GP. Socialista,M,http://www.congreso.es/portal/page/portal/Congreso/Congreso/Diputados/BusqForm?_piref73_1333155_73_1333154_1333154.next_page=/wc/fichaDiputado?idDiputado=163&idLegislatura=14
Sebastiánjesúsledesmamartín,Sebastián Jesús  Ledesma Martín, Sebastián Jesús  ,Ledesma Martín,PP,GPP ,GP. Popular en el congreso,M,http://www.congreso.es/portal/page/portal/Congreso/Congreso/Diputados/BusqForm?_piref73_1333155_73_1333154_1333154.next_page=/wc/fichaDiputado?idDiputado=110&idLegislatura=14
Sergimiquelivalentí,Sergi  Miquel I Valentí, Sergi  ,Miquel i Valentí,PDeCAT/Plural,GPPlu ,GP. Plural,M,http://www.congreso.es/portal/page/portal/Congreso/Congreso/Diputados/BusqForm?_piref73_1333155_73_1333154_1333154.next_page=/wc/fichaDiputado?idDiputado=23&idLegislatura=14
Sergiogutiérrezprieto,Sergio  Gutiérrez Prieto, Sergio  ,Gutiérrez Prieto,PSOE,GPS ,GP. Socialista,M,http://www.congreso.es/portal/page/portal/Congreso/Congreso/Diputados/BusqForm?_piref73_1333155_73_1333154_1333154.next_page=/wc/fichaDiputado?idDiputado=180&idLegislatura=14
Sergiosayaslópez,Sergio  Sayas López, Sergio  ,Sayas López,UPN/Mx,GPMX,GP. Mixto,M,http://www.congreso.es/portal/page/portal/Congreso/Congreso/Diputados/BusqForm?_piref73_1333155_73_1333154_1333154.next_page=/wc/fichaDiputado?idDiputado=55&idLegislatura=14
Sofíafernándezcastañón,Sofía  Fernández Castañón, Sofía  ,Fernández Castañón,UP/GCUP-EC-GC,GPCUP-CP-GC,GP. Confederal De Unidas Podemos-En Comú Podem-Galicia En Común,F,http://www.congreso.es/portal/page/portal/Congreso/Congreso/Diputados/BusqForm?_piref73_1333155_73_1333154_1333154.next_page=/wc/fichaDiputado?idDiputado=272&idLegislatura=14
Sofíahernanzcosta,Sofía  Hernanz Costa, Sofía  ,Hernanz Costa,PSOE,GPS ,GP. Socialista,F,http://www.congreso.es/portal/page/portal/Congreso/Congreso/Diputados/BusqForm?_piref73_1333155_73_1333154_1333154.next_page=/wc/fichaDiputado?idDiputado=289&idLegislatura=14
Soniaferrertesoro,Sonia  Ferrer Tesoro, Sonia  ,Ferrer Tesoro,PSOE,GPS ,GP. Socialista,F,http://www.congreso.es/portal/page/portal/Congreso/Congreso/Diputados/BusqForm?_piref73_1333155_73_1333154_1333154.next_page=/wc/fichaDiputado?idDiputado=114&idLegislatura=14
Soniaguerralópez,Sonia  Guerra López, Sonia  ,Guerra López,PSOE,GPS ,GP. Socialista,F,http://www.congreso.es/portal/page/portal/Congreso/Congreso/Diputados/BusqForm?_piref73_1333155_73_1333154_1333154.next_page=/wc/fichaDiputado?idDiputado=357&idLegislatura=14
Susanarosmartínez,Susana  Ros Martínez, Susana  ,Ros Martínez,PSOE,GPS ,GP. Socialista,F,http://www.congreso.es/portal/page/portal/Congreso/Congreso/Diputados/BusqForm?_piref73_1333155_73_1333154_1333154.next_page=/wc/fichaDiputado?idDiputado=53&idLegislatura=14
Susanasumelzojordán,Susana  Sumelzo Jordán, Susana  ,Sumelzo Jordán,PSOE,GPS ,GP. Socialista,F,http://www.congreso.es/portal/page/portal/Congreso/Congreso/Diputados/BusqForm?_piref73_1333155_73_1333154_1333154.next_page=/wc/fichaDiputado?idDiputado=126&idLegislatura=14
Tomáscabezóncasas,Tomás  Cabezón Casas, Tomás  ,Cabezón Casas,PP,GPP ,GP. Popular en el congreso,M,http://www.congreso.es/portal/page/portal/Congreso/Congreso/Diputados/BusqForm?_piref73_1333155_73_1333154_1333154.next_page=/wc/fichaDiputado?idDiputado=28&idLegislatura=14
Tomásfernándezríos,Tomás  Fernández Ríos, Tomás  ,Fernández Ríos,VOX,GPVOX ,GP. VOX,M,http://www.congreso.es/portal/page/portal/Congreso/Congreso/Diputados/BusqForm?_piref73_1333155_73_1333154_1333154.next_page=/wc/fichaDiputado?idDiputado=330&idLegislatura=14
Tomásguitartegimeno,Tomás  Guitarte Gimeno, Tomás  ,Guitarte Gimeno,Teruel Existe/Mx,GPMX,GP. Mixto,M,http://www.congreso.es/portal/page/portal/Congreso/Congreso/Diputados/BusqForm?_piref73_1333155_73_1333154_1333154.next_page=/wc/fichaDiputado?idDiputado=306&idLegislatura=14
Tristanamaríamoralejagómez,Tristana María  Moraleja Gómez, Tristana María  ,Moraleja Gómez,PP,GPP ,GP. Popular en el congreso,F,http://www.congreso.es/portal/page/portal/Congreso/Congreso/Diputados/BusqForm?_piref73_1333155_73_1333154_1333154.next_page=/wc/fichaDiputado?idDiputado=57&idLegislatura=14
Txemaguijarrogarcía,Txema  Guijarro García, Txema  ,Guijarro García,UP/GCUP-EC-GC,GPCUP-CP-GC,GP. Confederal De Unidas Podemos-En Comú Podem-Galicia En Común,M,http://www.congreso.es/portal/page/portal/Congreso/Congreso/Diputados/BusqForm?_piref73_1333155_73_1333154_1333154.next_page=/wc/fichaDiputado?idDiputado=344&idLegislatura=14
Uxíatizónvázquez,Uxía  Tizón Vázquez, Uxía  ,Tizón Vázquez,PSOE,GPS ,GP. Socialista,F,http://www.congreso.es/portal/page/portal/Congreso/Congreso/Diputados/BusqForm?_piref73_1333155_73_1333154_1333154.next_page=/wc/fichaDiputado?idDiputado=374&idLegislatura=14
Valentinamartinezferro,Valentina Martinez Ferro,Valentina ,Martinez Ferro    ,PP,GPP,GP. Popular en el congreso,F,#N/A
Valentíngarcíagómez,Valentín  García Gómez, Valentín  ,García Gómez,PSOE,GPS ,GP. Socialista,M,http://www.congreso.es/portal/page/portal/Congreso/Congreso/Diputados/BusqForm?_piref73_1333155_73_1333154_1333154.next_page=/wc/fichaDiputado?idDiputado=226&idLegislatura=14
Vicentebetoretcoll,Vicente  Betoret Coll, Vicente  ,Betoret Coll,PP,GPP ,GP. Popular en el congreso,M,http://www.congreso.es/portal/page/portal/Congreso/Congreso/Diputados/BusqForm?_piref73_1333155_73_1333154_1333154.next_page=/wc/fichaDiputado?idDiputado=228&idLegislatura=14
Vicentetiradoochoa,Vicente  Tirado Ochoa, Vicente  ,Tirado Ochoa,PP,GPP ,GP. Popular en el congreso,M,http://www.congreso.es/portal/page/portal/Congreso/Congreso/Diputados/BusqForm?_piref73_1333155_73_1333154_1333154.next_page=/wc/fichaDiputado?idDiputado=16&idLegislatura=14
Vicentmanuelsarriàmorell,Vicent Manuel  Sarrià Morell, Vicent Manuel  ,Sarrià Morell,PSOE,GPS ,GP. Socialista,M,http://www.congreso.es/portal/page/portal/Congreso/Congreso/Diputados/BusqForm?_piref73_1333155_73_1333154_1333154.next_page=/wc/fichaDiputado?idDiputado=90&idLegislatura=14
Víctorgonzálezcoellodeportugal,Víctor  González Coello De Portugal, Víctor  ,González Coello de Portugal,VOX,GPVOX ,GP. VOX,M,http://www.congreso.es/portal/page/portal/Congreso/Congreso/Diputados/BusqForm?_piref73_1333155_73_1333154_1333154.next_page=/wc/fichaDiputado?idDiputado=76&idLegislatura=14
Víctormanuelsánchezdelreal,Víctor Manuel  Sánchez Del Real, Víctor Manuel  ,Sánchez del Real,VOX,GPVOX ,GP. VOX,M,http://www.congreso.es/portal/page/portal/Congreso/Congreso/Diputados/BusqForm?_piref73_1333155_73_1333154_1333154.next_page=/wc/fichaDiputado?idDiputado=195&idLegislatura=14
Víctorvalentínpírizmaya,Víctor Valentín  Píriz Maya, Víctor Valentín  ,Píriz Maya,PP,GPP ,GP. Popular en el congreso,M,http://www.congreso.es/portal/page/portal/Congreso/Congreso/Diputados/BusqForm?_piref73_1333155_73_1333154_1333154.next_page=/wc/fichaDiputado?idDiputado=9&idLegislatura=14
Yolandadíazpérez,Yolanda  Díaz Pérez, Yolanda  ,Díaz Pérez,EC-UP/GCPU-EC-GC,GPCUP-CP-GC,GP. Confederal De Unidas Podemos-En Comú Podem-Galicia En Común,F,http://www.congreso.es/portal/page/portal/Congreso/Congreso/Diputados/BusqForm?_piref73_1333155_73_1333154_1333154.next_page=/wc/fichaDiputado?idDiputado=171&idLegislatura=14
Yolandasevaruiz,Yolanda  Seva Ruiz, Yolanda  ,Seva Ruiz,PSOE,GPS ,GP. Socialista,F,http://www.congreso.es/portal/page/portal/Congreso/Congreso/Diputados/BusqForm?_piref73_1333155_73_1333154_1333154.next_page=/wc/fichaDiputado?idDiputado=137&idLegislatura=14
Zaidacanteradecastro,Zaida  Cantera De Castro, Zaida  ,Cantera de Castro,PSOE,GPS ,GP. Socialista,F,http://www.congreso.es/portal/page/portal/Congreso/Congreso/Diputados/BusqForm?_piref73_1333155_73_1333154_1333154.next_page=/wc/fichaDiputado?idDiputado=38&idLegislatura=14